voucher_id,account_manager_id,date,partner_id,amount,reference,product_id
2025,202,2017-09-27,10411,103640.0,cheque,3041
2028,163,2017-09-27,9133,50000.0,cheque,3025
2030,1,2017-09-28,8589,323465.8,cheque,3041
2029,202,2017-09-27,7780,6328.0,virement,2997
2493,163,2018-03-25,8826,4000.0,espece,2773
2031,202,2017-09-28,9956,50000.0,virement,3025
2032,163,2017-09-28,10171,2323.0,espece,2997
2033,202,2017-09-28,9271,40000.0,virement,3024
2494,163,2018-03-25,8472,5000.0,versement,3008
2496,163,2018-03-25,10805,6000.0,espece,2773
2034,202,2017-09-28,8143,12986.0,versement,2997
2035,202,2017-09-28,8143,5000.0,versement,3008
2497,244,2018-03-26,10780,27000.0,versement,3032
2036,163,2017-10-02,10443,10100.0,espece,3008
2498,163,2018-03-26,8648,5000.0,versement,3008
2037,202,2017-10-03,10443,2020.0,,2773
2038,163,2017-10-03,7760,50000.0,virement,3040
2039,163,2017-10-03,8532,40000.0,virement,3024
2040,163,2017-10-03,8535,30000.0,virement,3032
1591,113,2017-03-20,8797,40000.0,virement,3024
1608,113,2017-03-23,10263,267300.0,virement,0
1445,113,2017-01-16,7971,42000.0,espece,3050
1457,1,2017-01-22,8593,40000.0,cheque,3024
1478,110,2017-02-01,9564,10100.0,espece,3008
1654,163,2017-04-13,8116,50000.0,virement,3025
1635,113,2017-04-05,8472,2000.0,virement,2773
1642,163,2017-04-10,9106,30000.0,cheque,3032
1705,163,2017-04-30,10220,60000.0,cheque,3032
1647,202,2017-04-10,8844,36000.0,virement,3024
1655,113,2017-04-13,10204,30000.0,versement,3032
1704,163,2017-04-26,10092,5000.0,versement,3008
1706,202,2017-04-30,9676,9000.0,versement,3008
1707,202,2017-04-30,9676,11000.0,versement,3021
1708,202,2017-05-03,8235,5000.0,cheque,3008
1466,110,2017-01-26,9548,30000.0,cheque,3032
1590,163,2017-03-21,10012,93003.2,virement,3021
1626,113,2017-04-03,10258,30000.0,cheque,3032
1596,163,2017-03-21,8648,5000.0,versement,3008
1630,113,2017-04-03,9137,5000.0,versement,3008
1634,113,2017-04-05,8472,5000.0,virement,3008
1638,110,2017-04-06,9042,70711.8,cheque,2861
1636,163,2017-04-06,10294,5000.0,virement,3008
1639,163,2017-04-09,8854,98000.0,cheque,3066
1640,163,2017-04-09,10295,10000.0,versement,3021
1641,202,2017-04-09,9751,10000.0,virement,3021
1644,163,2017-04-10,9816,2000.0,virement,2773
1448,202,2017-01-17,9264,30000.0,cheque,3032
1464,163,2017-01-25,9803,2000.0,versement,2773
1476,163,2017-01-30,8845,30000.0,cheque,3032
1598,113,2017-03-22,9849,54600.0,cheque,2868
2504,163,2018-03-27,9009,50000.0,virement,3025
1449,202,2017-01-17,9770,514674.0,cheque,0
1463,202,2017-01-25,9676,5000.0,versement,3008
1646,202,2017-04-10,10296,10000.0,cheque,3021
1450,164,2017-01-17,9137,5000.0,versement,3008
1451,164,2017-01-17,9154,27000.0,virement,3021
1462,163,2017-01-25,10127,15000.0,versement,3008
1469,202,2017-01-29,10215,85000.0,virement,0
1470,163,2017-01-29,9505,5000.0,versement,3008
2499,244,2018-03-26,10525,2000.0,espece,2773
1607,113,2017-03-23,10263,375300.0,virement,0
1648,113,2017-04-10,8890,5000.0,versement,3008
1452,202,2017-01-18,10192,27000.0,cheque,3032
1475,163,2017-01-30,8625,6000.0,versement,3008
1605,163,2017-03-26,8143,5000.0,versement,3008
1649,163,2017-04-11,8198,27000.0,cheque,3032
1650,163,2017-04-12,8486,30000.0,cheque,3032
1666,163,2017-04-18,8212,98000.0,virement,3024
1651,163,2017-04-13,10287,40000.0,virement,3024
1664,163,2017-04-16,8009,10000.0,cheque,3021
1652,202,2017-04-13,9177,7000.0,virement,3008
1665,163,2017-04-17,10212,64260.0,cheque,2868
1670,163,2017-04-20,8143,10000.0,versement,3008
1671,163,2017-04-20,8846,60000.0,cheque,3047
1672,163,2017-04-20,9804,30000.0,virement,3032
1712,122,2017-05-03,10227,201240.0,cheque,3039
1714,163,2017-05-08,10319,39100.0,virement,3038
1721,202,2017-05-09,8191,98000.0,cheque,3024
1725,113,2017-05-10,7863,10000.0,virement,3021
2045,202,2017-10-05,7603,140000.0,,3609
1717,163,2017-05-08,7787,50000.0,cheque,3025
1453,110,2017-01-18,8878,6000.0,cheque,3037
1604,163,2017-03-26,9383,5000.0,versement,3008
1718,202,2017-05-08,9137,5000.0,versement,3008
1606,113,2017-03-16,10061,95200.0,virement,0
1653,202,2017-04-13,10256,2000.0,virement,2773
1676,113,2017-04-24,8878,6000.0,virement,3037
1749,163,2017-05-25,10346,9000.0,versement,3021
1734,163,2017-05-15,9676,9000.0,virement,3008
1726,202,2017-05-10,9607,9000.0,cheque,3021
1733,163,2017-05-14,9775,27000.0,virement,3032
1737,163,2017-05-16,10125,30000.0,versement,3032
1750,163,2017-05-25,10347,5000.0,versement,3008
1751,163,2017-05-25,10190,256800.0,cheque,3019
1754,202,2017-05-28,10331,65000.0,cheque,3021
1755,202,2017-05-28,10331,10000.0,cheque,3021
1456,163,2017-01-19,8751,45000.0,cheque,3025
1459,202,2017-01-23,10215,27000.0,virement,3032
1678,202,2017-04-24,8143,5000.0,versement,3008
1460,163,2017-01-23,10200,9090.0,espece,3021
1609,113,2017-03-27,8012,200000.0,cheque,3024
1667,163,2017-04-18,8271,20200.0,espece,3008
1668,163,2017-04-18,8270,4000.0,versement,2773
1723,110,2017-05-10,7780,30000.0,virement,3032
1744,163,2017-05-24,7597,10000.0,versement,3008
1728,202,2017-05-11,8591,4232.88,versement,2997
1740,163,2017-05-18,8217,9900.0,virement,3021
1738,163,2017-05-18,8821,36000.0,cheque,3024
1756,163,2017-05-29,8275,5000.0,versement,3008
1759,163,2017-05-29,9816,30000.0,virement,3032
1767,163,2017-05-31,8915,50000.0,cheque,3025
2046,163,2017-10-05,10445,5050.0,espece,3008
1768,163,2017-05-31,10350,5000.0,versement,3008
1675,113,2017-04-24,8878,6000.0,virement,3037
1458,113,2017-01-15,10216,5000.0,virement,0
1477,163,2017-01-31,9071,27000.0,versement,3032
1479,202,2017-02-01,8589,30000.0,cheque,3032
1610,163,2017-03-27,10219,226440.0,cheque,0
2500,202,2018-03-26,9360,10000.0,versement,3008
1690,163,2017-04-25,10166,59500.0,virement,3041
1481,202,2017-02-05,10229,5000.0,versement,3008
1484,163,2017-02-08,8885,5000.0,versement,3008
1483,163,2017-02-08,10224,50000.0,cheque,3025
1485,163,2017-02-08,9292,5000.0,cheque,3008
1490,163,2017-02-08,9271,36000.0,virement,3024
2048,113,2017-09-27,9722,139000.0,cheque,3009
1692,202,2017-04-25,10315,9090.0,,3021
1493,202,2017-02-09,9580,10000.0,versement,3021
1611,163,2017-03-27,10271,250344.0,cheque,3019
1677,113,2017-04-24,8878,6000.0,virement,3037
1695,218,2017-02-11,8432,10000.0,versement,3021
2049,113,2017-10-05,10446,10000.0,,3021
1702,163,2017-04-26,8447,98000.0,virement,2997
1715,113,2017-05-08,8114,3356.16,cheque,2997
1713,163,2017-05-03,10310,24000.0,espece,3016
1719,113,2017-05-09,8136,50000.0,cheque,3025
1720,202,2017-05-09,7992,30000.0,cheque,3032
1727,202,2017-05-11,10239,80000.0,cheque,3627
1724,163,2017-05-10,8282,10000.0,virement,3021
1731,163,2017-05-14,8248,5000.0,versement,3008
1494,163,2017-02-09,8432,10000.0,versement,3021
1502,202,2017-02-19,10239,80000.0,cheque,3627
1495,163,2017-02-12,8724,102000.0,cheque,3032
1544,113,2017-03-01,10265,5000.0,versement,3008
1613,202,2017-03-28,8607,357000.0,cheque,0
1614,202,2017-03-28,10257,36000.0,cheque,3024
1615,163,2017-03-28,10168,2000.0,versement,2773
1616,163,2017-03-29,8439,40400.0,espece,3024
1617,163,2017-03-30,9581,27000.0,virement,3032
2501,202,2018-03-26,9360,5000.0,versement,3008
2050,202,2017-10-04,7603,282800.0,,0
1496,163,2017-02-14,8400,5000.0,versement,3008
1532,202,2017-03-01,8171,27000.0,versement,3032
1501,163,2017-02-16,9608,2000.0,versement,2773
1504,202,2017-02-20,7995,6000.0,virement,2773
1622,163,2017-04-02,9766,9000.0,cheque,3021
1509,202,2017-02-21,7972,10710.0,versement,3016
1539,202,2017-03-02,8648,5000.0,versement,3008
1541,113,2017-03-27,8168,37479.45,virement,2997
1632,113,2017-04-03,8400,5000.0,versement,3008
1618,113,2017-03-30,8216,10000.0,virement,3021
1637,163,2017-04-06,10291,10000.0,versement,3021
1643,163,2017-04-10,10296,2020.0,espece,3021
1698,163,2017-04-25,9020,2000.0,versement,2773
1700,202,2017-04-26,10307,10000.0,virement,3021
1500,163,2017-02-16,9378,30000.0,cheque,3032
1497,163,2017-02-14,7524,27000.0,cheque,3032
1499,163,2017-02-15,10238,36000.0,versement,3024
1503,163,2017-02-19,10249,10100.0,espece,3021
1505,202,2017-02-20,10251,5000.0,versement,3008
1506,202,2017-02-20,10252,5000.0,versement,3008
1517,110,2017-02-22,9607,9000.0,cheque,3021
1520,202,2017-02-23,10256,30000.0,versement,3032
1518,163,2017-02-23,8826,4000.0,versement,2773
1521,163,2017-02-23,8143,5000.0,versement,3008
2051,202,2017-10-05,7603,282800.0,espece,0
2052,113,2017-10-05,7603,140000.0,espece,0
2075,202,2017-10-16,10474,10100.0,espece,3021
2505,244,2018-03-27,10756,354144.0,cheque,3456
2502,244,2018-03-26,10671,40000.0,virement,3024
1508,110,2017-02-21,7787,50000.0,cheque,0
2053,163,2017-10-08,10443,10100.0,espece,3008
1507,202,2017-02-20,8424,30000.0,cheque,3032
1519,202,2017-02-23,10234,5000.0,versement,3008
1526,163,2017-02-23,10083,2020.0,,2773
1533,163,2017-03-01,9803,5000.0,versement,3008
1528,163,2017-02-26,7467,7000.0,versement,3008
1530,202,2017-02-28,8474,30000.0,virement,3032
1531,202,2017-03-01,8895,40000.0,cheque,3024
1538,202,2017-03-02,8447,100000.0,virement,3024
1540,163,2017-03-05,8569,9000.0,versement,3021
1542,202,2017-03-05,10215,85000.0,virement,3009
1545,202,2017-03-05,8607,88000.0,cheque,3025
2054,110,2017-10-09,8854,42575.34,cheque,2997
1619,202,2017-03-30,8661,100000.0,cheque,2993
1536,163,2017-03-02,8143,5000.0,versement,3008
1413,163,2017-01-02,8115,8109.59,,2997
1415,163,2017-01-03,8826,2000.0,versement,2773
1537,163,2017-03-02,8282,30000.0,versement,3048
1529,202,2017-02-27,8645,10000.0,espece,3021
1534,202,2017-03-01,10261,5000.0,versement,3008
1701,163,2017-04-26,10306,24000.0,espece,3016
1535,163,2017-03-02,9300,14630.0,cheque,2997
1543,113,2017-03-01,7993,5000.0,versement,3008
1620,113,2017-03-30,10046,631800.0,virement,2948
1627,113,2017-04-03,10184,40000.0,cheque,3024
1716,163,2017-05-08,9106,30000.0,cheque,3032
1631,163,2017-04-03,10289,5000.0,versement,3008
1736,163,2017-05-16,9980,30000.0,cheque,3032
1761,163,2017-05-30,8691,5000.0,versement,3008
1743,113,2017-05-21,7535,240000.0,virement,2773
1760,163,2017-05-30,8826,6000.0,versement,2773
1764,163,2017-05-30,8685,20000.0,virement,2773
2503,163,2018-03-26,9106,30000.0,virement,3032
1549,202,2017-03-07,8607,97500.0,cheque,0
1555,163,2017-03-08,9154,9000.0,versement,3021
1550,163,2017-03-07,8652,5000.0,versement,3008
1414,163,2017-01-03,8435,5000.0,versement,3008
1416,202,2017-01-03,10187,70000.0,cheque,0
1546,202,2017-03-06,9009,40000.0,cheque,3024
1551,113,2017-02-15,10267,2000.0,versement,2773
1547,163,2017-03-06,8591,5000.0,versement,3008
1548,113,2017-03-06,8892,5000.0,versement,3008
1559,163,2017-03-12,10254,5000.0,versement,3008
1556,202,2017-03-08,9639,5000.0,versement,3008
1552,110,2017-03-08,8897,30000.0,cheque,3032
1553,163,2017-03-08,7534,10000.0,versement,3021
1554,113,2017-03-08,8143,5000.0,versement,3008
1557,163,2017-03-08,8449,10000.0,versement,3021
1560,110,2017-03-13,10209,10000.0,cheque,2773
1558,113,2017-02-27,8168,37479.45,virement,2997
1563,163,2017-03-13,9465,400000.0,cheque,0
1561,202,2017-03-13,8905,27000.0,cheque,3032
1562,202,2017-03-13,7990,30000.0,virement,3032
1564,163,2017-03-13,8436,5000.0,versement,3008
1565,163,2017-03-14,9673,45000.0,cheque,3025
1566,202,2017-03-14,10272,9090.0,,3021
1567,163,2017-03-14,10198,9090.0,,3021
1568,163,2017-03-16,8013,46500.0,cheque,0
1420,202,2017-01-05,9743,78135.0,cheque,3009
1421,202,2017-01-05,8485,30000.0,cheque,3032
1417,163,2017-01-03,7863,40000.0,virement,3024
1422,202,2017-01-05,10185,10000.0,cheque,3008
1418,113,2017-01-03,7971,8745257.14,cheque,0
1419,163,2017-01-04,8826,40000.0,versement,3050
1423,164,2017-01-09,9810,10000.0,versement,3021
1430,202,2017-01-09,8114,5000.0,cheque,3008
1425,113,2017-01-02,9071,9000.0,versement,3021
1439,163,2017-01-15,10169,36000.0,cheque,3024
1429,113,2017-01-09,8389,60000.0,cheque,3032
1437,202,2017-01-11,9460,10000.0,versement,3021
1440,163,2017-01-15,8055,5000.0,virement,3008
1441,113,2017-01-16,8587,164739.5,virement,3601
1438,163,2017-01-12,9159,280175.0,cheque,2804
1442,113,2017-01-16,8587,164739.5,virement,3601
1645,110,2017-04-10,8166,500000.0,cheque,2821
1461,202,2017-01-25,8168,40000.0,virement,3024
1597,113,2017-03-22,9849,369500.0,cheque,0
1465,163,2017-01-25,9803,4000.0,versement,2773
1480,202,2017-02-01,10205,40000.0,cheque,3024
1569,163,2017-03-16,9705,40000.0,cheque,3024
1621,163,2017-04-02,8083,30000.0,cheque,3032
1629,163,2017-04-03,10288,2000.0,virement,2773
1663,113,2017-04-13,10204,4000.0,versement,2773
1633,163,2017-04-04,10292,5000.0,versement,3008
1674,163,2017-04-23,8190,30000.0,versement,3032
1735,163,2017-05-15,10322,5950.0,cheque,3219
1703,202,2017-04-26,8630,30000.0,cheque,3032
1741,202,2017-05-21,8242,10000.0,virement,3021
1732,163,2017-05-14,9809,10000.0,virement,3021
1739,163,2017-05-18,8950,10000.0,virement,3021
1742,163,2017-05-21,8917,40000.0,cheque,3024
1763,163,2017-05-30,9740,27000.0,cheque,3032
1574,202,2017-03-19,8312,5000.0,versement,3008
1454,113,2017-01-18,10207,15050.0,versement,0
1575,163,2017-03-19,10233,5000.0,versement,3008
1570,163,2017-03-16,9606,30000.0,virement,3032
1571,202,2017-03-16,9360,10000.0,versement,3008
1572,202,2017-03-16,7467,4000.0,versement,2773
1573,113,2017-03-16,8361,198000.0,virement,0
1576,163,2017-03-19,10233,5000.0,versement,3008
1577,163,2017-03-19,10278,2000.0,versement,2773
1578,163,2017-03-19,8648,5000.0,versement,3008
1592,163,2017-03-21,9230,5945.21,virement,2997
1593,163,2017-03-21,10256,2000.0,versement,2773
1594,163,2017-03-21,10278,5000.0,versement,3008
1595,202,2017-03-21,9704,20000.0,versement,3021
1769,202,2017-05-31,10175,2000.0,virement,2773
2521,163,2018-03-29,8332,10000.0,versement,3021
2072,163,2017-10-15,10470,5050.0,espece,3008
2099,163,2017-10-29,7942,30000.0,cheque,3032
2506,163,2018-03-27,10755,40000.0,versement,3024
2507,244,2018-03-28,10809,40000.0,virement,3842
2508,163,2018-03-28,7787,110000.0,cheque,3627
2509,163,2018-03-28,9980,30000.0,cheque,3032
2717,249,2018-06-07,8268,50000.0,cheque,2762
1770,163,2017-05-31,8143,20000.0,versement,3021
1771,163,2017-06-01,9114,5000.0,versement,3008
1772,202,2017-06-01,10352,27000.0,cheque,3032
2056,163,2017-10-09,10454,10000.0,virement,3021
2066,202,2017-10-11,10466,40000.0,cheque,3024
2709,249,2018-06-04,8217,9900.0,virement,3021
2081,113,2017-10-18,8378,100000.0,virement,3025
2510,163,2018-03-28,9980,30000.0,cheque,3032
2511,113,2018-02-12,9722,10220.0,cheque,0
2710,245,2018-06-04,10601,5050.0,,3008
2708,163,2018-06-04,11097,5000.0,virement,3008
2712,163,2018-06-06,10315,60000.0,espece,3009
1773,163,2017-06-01,8852,30000.0,cheque,2815
2086,113,2017-10-12,7535,69739.5,virement,2848
2074,163,2017-10-16,9233,30300.0,espece,3032
2059,163,2017-10-10,8362,5000.0,versement,3008
2060,163,2017-10-10,8115,40000.0,virement,3024
2076,113,2017-10-16,7535,139479.0,virement,0
2062,163,2017-10-11,8665,40000.0,virement,3024
2071,163,2017-10-12,8143,5000.0,versement,3008
2088,202,2017-10-24,10481,4500.0,versement,3008
2080,110,2017-10-18,8933,20000.0,cheque,3021
2101,163,2017-10-29,8769,5000.0,versement,3008
2083,163,2017-10-24,10452,30000.0,virement,3032
2096,113,2017-10-27,10494,10100.0,espece,3021
2090,163,2017-10-25,8541,30000.0,cheque,3032
2094,110,2017-10-26,10455,50000.0,cheque,3025
2512,202,2018-03-28,10073,9816.0,espece,3016
2097,113,2017-10-27,9322,10000.0,cheque,3021
2102,163,2017-10-29,10431,40000.0,versement,3024
2716,249,2018-06-06,8083,14200.0,,2997
1774,113,2017-06-05,9316,30000.0,virement,3032
2064,163,2017-10-11,8569,5000.0,versement,3008
2067,163,2017-10-12,8569,5000.0,versement,3008
2079,163,2017-10-18,8143,5000.0,versement,3008
2091,202,2017-10-26,8248,5000.0,versement,3008
2517,245,2018-03-29,10829,80800.0,espece,3627
2095,113,2017-10-27,10492,7070.0,espece,2773
2718,163,2018-06-10,8667,150000.0,cheque,2883
2518,202,2018-03-29,10814,2000.0,virement,2773
2525,244,2018-03-29,10626,74786.4,espece,3680
2720,249,2018-06-10,9927,5000.0,versement,3008
2065,163,2017-10-11,9042,70711.8,cheque,3200
2070,113,2017-10-12,10467,10000.0,versement,3021
2833,249,2018-07-12,7722,40000.0,virement,3024
2082,113,2017-10-12,10482,10000.0,versement,0
2087,113,2017-10-24,7535,69739.5,virement,3041
2834,202,2018-07-12,9037,12000.0,versement,3021
2089,163,2017-10-25,10487,10100.0,espece,3021
2093,163,2017-10-26,9037,5000.0,versement,3008
2519,202,2018-03-29,10814,6000.0,virement,2773
2114,163,2017-10-31,8573,5000.0,versement,3008
2084,163,2017-10-24,9230,40000.0,virement,3024
2085,163,2017-10-24,9354,50000.0,virement,3025
2110,232,2017-10-31,10487,10100.0,,3021
2092,202,2017-10-26,8697,10000.0,versement,3021
2107,163,2017-10-30,10501,5050.0,espece,3008
2098,163,2017-10-29,7942,9000.0,cheque,3021
2100,202,2017-10-29,10411,51820.0,cheque,3041
2103,202,2017-10-30,7829,10000.0,versement,3021
2108,202,2017-10-30,10491,250000.0,espece,0
2104,163,2017-10-30,10435,10100.0,espece,3021
2105,122,2017-10-30,10431,40000.0,versement,3024
2111,202,2017-10-31,8114,2020.0,espece,2773
2109,232,2017-10-30,10502,10000.0,versement,3008
2112,163,2017-10-31,9162,10000.0,virement,3021
2106,163,2017-10-30,10500,8000.0,versement,2773
2115,232,2017-10-31,8143,5000.0,versement,3008
2113,232,2017-10-31,10500,16000.0,versement,2773
2116,113,2017-10-17,9986,1385838.0,cheque,0
2117,232,2017-11-02,8648,5000.0,versement,3008
2119,232,2017-11-03,10504,5050.0,,3008
2120,202,2017-11-05,10252,5000.0,versement,3008
2121,163,2017-11-05,8384,38000.0,cheque,3032
2122,163,2017-11-06,8846,60000.0,cheque,3047
2123,232,2017-11-06,9692,10000.0,versement,3021
2740,163,2018-06-11,10169,30000.0,,3032
2124,113,2017-11-03,8245,2000.0,versement,2773
2126,113,2017-11-07,8121,1740000.0,virement,2857
2520,202,2018-03-29,10814,4000.0,virement,2773
2522,163,2018-03-29,10324,362250.0,cheque,3350
2741,245,2018-06-11,10374,5000.0,virement,3008
2523,163,2018-03-29,10831,9000.0,versement,3021
2526,163,2018-03-29,9576,5000.0,cheque,3008
2735,249,2018-06-11,9914,9000.0,virement,3021
2738,245,2018-06-11,8211,10000.0,,3021
2739,244,2018-06-11,11097,44506.85,virement,2997
2742,245,2018-06-11,10788,5000.0,virement,3008
2745,202,2018-06-12,10352,27000.0,,3032
2746,202,2018-06-12,10361,10000.0,,3021
2143,232,2017-11-14,10531,10100.0,,3021
2125,110,2017-11-07,8137,40000.0,cheque,3024
2135,163,2017-11-12,9980,30000.0,cheque,3032
2127,110,2017-11-07,10513,30000.0,cheque,3032
2128,202,2017-11-08,8769,20000.0,versement,3008
2141,202,2017-11-14,10209,37314.0,cheque,2773
2136,163,2017-11-12,10527,10100.0,espece,3021
2130,202,2017-11-08,10518,10100.0,espece,3021
2131,232,2017-11-09,8083,50000.0,cheque,3025
2148,163,2017-11-19,10538,10000.0,versement,3021
2145,232,2017-11-15,9767,30000.0,virement,3032
2138,202,2017-11-14,10530,10100.0,espece,3021
2142,202,2017-11-14,10209,6000.0,cheque,2773
2139,202,2017-11-14,10514,55000.0,cheque,3066
2140,232,2017-11-14,8221,9000.0,,3021
2146,202,2017-11-16,8304,27000.0,virement,3032
2150,163,2017-11-19,10539,30000.0,cheque,3032
2147,163,2017-11-19,7958,40000.0,cheque,3024
2144,232,2017-11-14,10533,10100.0,,3021
2149,232,2017-11-19,8648,5000.0,versement,3008
2151,232,2017-11-19,10539,0.0,cheque,3032
2152,163,2017-11-19,10537,5050.0,espece,3008
2153,163,2017-11-20,8143,5000.0,versement,3008
2154,163,2017-11-20,10156,5050.0,espece,3008
2155,163,2017-11-20,9331,10000.0,versement,3021
2156,163,2017-11-20,8140,40000.0,virement,3024
2157,110,2017-11-21,10083,40000.0,cheque,3024
2838,244,2018-07-16,8667,50000.0,cheque,3025
2166,163,2017-11-21,10226,28500.0,cheque,3032
2524,244,2018-03-29,10626,4040.0,espece,3680
2527,163,2018-03-29,9705,40000.0,virement,3024
2753,244,2018-06-14,8049,40000.0,versement,3024
2837,113,2018-07-15,9797,45000.0,cheque,2762
2158,163,2017-11-21,10542,2000.0,versement,2773
2540,163,2018-04-05,10666,18678.0,cheque,2804
2528,202,2018-04-01,9766,9000.0,cheque,3021
2535,244,2018-04-02,10824,40000.0,virement,3024
2529,202,2018-04-01,8589,30000.0,cheque,3032
2531,244,2018-04-02,8435,10000.0,versement,3008
2536,163,2018-04-02,10836,5000.0,espece,3008
2532,245,2018-04-02,10833,10100.0,espece,3021
2533,244,2018-04-02,10834,10000.0,versement,3021
2543,113,2018-04-02,7535,69739.5,virement,0
2534,244,2018-04-02,10835,10100.0,espece,3021
2541,245,2018-04-05,10843,60000.0,versement,3842
2538,244,2018-04-02,8844,36000.0,virement,3024
2539,245,2018-04-04,10840,5000.0,versement,3008
2542,113,2018-04-02,7535,69739.5,virement,0
2557,245,2018-04-08,10845,5000.0,versement,3008
2167,232,2017-11-22,10545,5000.0,versement,3008
2175,202,2017-11-28,10552,25000.0,cheque,3008
2168,232,2017-11-26,10548,9090.0,,3021
2169,113,2017-11-26,10477,40000.0,virement,3024
2180,202,2017-11-29,8332,5000.0,versement,3008
2170,163,2017-11-27,9292,27000.0,virement,3032
2176,163,2017-11-28,9465,172900.0,cheque,3453
2171,163,2017-11-27,10517,2020.0,espece,2773
2172,232,2017-11-27,10517,0.0,espece,2773
2173,202,2017-11-27,10133,50000.0,virement,3025
2174,113,2017-11-27,9849,30000.0,virement,3032
2177,163,2017-11-28,9465,110260.0,cheque,3453
2181,202,2017-11-29,10442,78000.0,versement,2803
2178,163,2017-11-29,8702,10100.0,espece,3021
2179,232,2017-11-29,10507,9000.0,versement,3021
2184,113,2017-11-29,7535,139479.0,virement,3041
2182,232,2017-11-29,10561,5050.0,,3008
2183,113,2017-11-29,7535,69739.5,virement,3041
2187,232,2017-11-30,8205,10000.0,versement,3021
2185,163,2017-11-29,9328,5000.0,versement,3008
2186,163,2017-11-30,10560,29750.0,virement,2948
2188,163,2017-11-30,8351,2953033.2,cheque,3038
2189,202,2017-11-30,8389,30000.0,cheque,3032
2190,163,2017-11-30,8134,10000.0,virement,3021
2191,110,2017-11-30,10491,30300.0,espece,2692
2194,202,2017-12-03,10566,5000.0,versement,3008
2241,113,2017-12-20,7535,139479.0,virement,3041
2192,110,2017-11-30,10491,10100.0,espece,2692
2562,245,2018-04-09,8797,40000.0,virement,3024
2208,202,2017-12-07,9916,5000.0,versement,3008
2552,244,2018-04-08,10567,466956.0,cheque,0
2212,202,2017-12-10,9813,40000.0,versement,3050
2553,245,2018-04-08,10843,2000.0,versement,2773
2237,202,2017-12-20,10171,40000.0,cheque,3024
2239,232,2017-12-20,10593,9090.0,espece,3021
2748,202,2018-06-13,9037,5000.0,,3008
2554,245,2018-04-08,10843,2000.0,versement,2773
2555,245,2018-04-08,10203,50000.0,cheque,3025
2556,202,2018-04-08,10373,10000.0,virement,3021
2758,163,2018-06-17,8344,2000.0,,2773
2752,244,2018-06-14,11120,10100.0,,3021
2763,163,2018-06-17,9728,29100.0,,3032
1831,163,2017-06-08,10361,40000.0,cheque,3024
1829,113,2017-06-07,9606,8330.0,virement,2997
1833,163,2017-06-08,9378,6900.0,virement,2997
1840,163,2017-06-12,8052,5000.0,versement,3008
1839,163,2017-06-11,10209,30000.0,cheque,3032
1843,202,2017-06-13,10366,2000.0,versement,2773
1841,163,2017-06-12,9911,5000.0,versement,3008
1849,163,2017-06-13,8648,5000.0,versement,3008
1850,202,2017-06-14,10234,3410.0,versement,2997
1851,202,2017-06-14,8500,2000.0,versement,2773
1852,202,2017-06-14,8312,5000.0,espece,3008
1832,202,2017-06-08,10359,30000.0,cheque,3032
1848,202,2017-06-13,8569,5000.0,versement,3008
1846,202,2017-06-13,9728,29100.0,cheque,3032
1842,202,2017-06-13,8014,30000.0,versement,3032
1855,113,2017-06-14,9788,37000.0,cheque,3008
1847,202,2017-06-13,8211,30000.0,cheque,3032
1853,163,2017-06-14,10319,70500.0,virement,3038
1722,110,2017-05-10,9157,277500.0,espece,0
1860,110,2017-06-18,8474,7890.0,virement,2997
1863,163,2017-06-19,10374,5050.0,espece,3008
2193,163,2017-12-03,8556,5000.0,versement,3008
1854,113,2017-06-14,9788,50000.0,cheque,3008
2195,163,2017-12-03,9137,30000.0,versement,3032
2199,163,2017-12-05,8142,40000.0,cheque,3024
2201,163,2017-12-06,9330,30300.0,espece,3032
2764,244,2018-06-18,8899,10000.0,virement,3008
2226,163,2017-12-17,10569,10000.0,virement,0
2235,232,2017-12-19,10563,10000.0,,3021
2841,163,2018-07-17,10404,69127.6,virement,3024
2559,202,2018-04-09,10295,10000.0,versement,3021
2560,163,2018-04-09,8013,46500.0,cheque,3025
2563,163,2018-04-10,8116,50000.0,virement,3025
1856,122,2017-05-10,9157,277500.0,,0
1864,163,2017-06-19,9627,27000.0,virement,3032
2216,232,2017-12-11,9754,5000.0,,3008
1869,163,2017-06-22,10381,2000.0,versement,2773
2196,202,2017-12-04,10570,5000.0,virement,3008
2197,163,2017-12-04,9265,10000.0,cheque,3021
2236,202,2017-12-19,8423,10000.0,versement,3021
2200,163,2017-12-06,10166,40000.0,virement,3024
2202,202,2017-12-06,10209,6060.0,espece,2773
2203,163,2017-12-06,9608,4000.0,versement,2773
2219,232,2017-12-12,10583,30000.0,versement,3032
2210,202,2017-12-10,10566,4900.0,versement,2997
2215,202,2017-12-11,10491,32138.2,espece,3040
2238,163,2017-12-20,9980,500000.0,cheque,0
2223,202,2017-12-14,9813,2000.0,versement,2773
2229,232,2017-12-18,10591,10100.0,,3008
2565,244,2018-04-11,9632,20000.0,cheque,3021
2234,163,2017-12-19,10557,36000.0,virement,3024
2242,163,2017-12-21,9584,526500.0,cheque,0
2561,163,2018-04-09,9042,70711.8,cheque,3818
2566,202,2018-04-11,9676,100000.0,versement,3842
2568,163,2018-04-12,10836,5050.0,espece,3008
2570,244,2018-04-12,10858,5000.0,versement,3008
2569,163,2018-04-12,8899,40000.0,virement,3215
2571,244,2018-04-15,8893,5000.0,versement,3008
2572,163,2018-04-15,9208,82485.0,cheque,3038
2573,202,2018-04-15,10514,2000.0,versement,2773
1865,163,2017-06-20,8661,61000.0,cheque,2997
2204,163,2017-12-06,9203,79000.0,cheque,2971
2206,232,2017-12-07,10524,5000.0,,3008
2227,202,2017-12-18,10587,5000.0,versement,3008
2211,202,2017-12-10,8748,14000.0,cheque,2786
2213,163,2017-12-11,10573,30300.0,espece,3032
2228,202,2017-12-18,10125,4300.0,versement,2997
2221,232,2017-12-14,10586,5050.0,,3008
2222,202,2017-12-14,10589,10000.0,versement,2773
2230,163,2017-12-18,8486,40000.0,cheque,3024
2224,232,2017-12-17,10184,50000.0,cheque,2809
2225,232,2017-12-17,10184,2200.0,cheque,2809
2248,232,2017-12-24,10601,5050.0,espece,3008
2231,202,2017-12-18,10590,5000.0,versement,3008
2243,110,2017-12-21,8739,50000.0,cheque,3025
2232,163,2017-12-18,8134,29753.0,versement,2997
2233,163,2017-12-19,10168,10000.0,versement,3021
2246,113,2017-12-24,8143,10000.0,versement,3008
2244,232,2017-12-21,8648,4013.7,versement,2809
2245,232,2017-12-24,10595,10100.0,espece,3021
2247,113,2017-12-22,8143,5000.0,versement,3008
2249,110,2017-12-24,10520,47000.0,cheque,3025
2253,202,2017-12-25,8007,45000.0,virement,3025
2250,163,2017-12-24,10209,37314.0,cheque,2804
2254,163,2017-12-26,8899,82500.0,virement,0
2255,202,2017-12-26,10605,5050.0,espece,3008
2256,163,2017-12-26,10611,10000.0,espece,3021
1858,163,2017-06-18,8846,40000.0,cheque,3024
1868,163,2017-06-21,7995,7000.0,virement,3008
2251,163,2017-12-24,10209,37314.0,cheque,2804
2252,113,2017-12-25,9333,15000.0,versement,0
2770,245,2018-06-19,11075,166600.0,cheque,3188
2258,163,2017-12-27,8724,30000.0,cheque,3032
2574,245,2018-04-15,10853,10100.0,espece,3021
2261,163,2017-12-28,9980,30400.0,cheque,3732
2263,232,2017-12-28,10604,5000.0,versement,3008
2267,202,2017-12-28,10491,100000.0,espece,3680
2269,202,2017-12-31,10491,75000.0,espece,0
2582,163,2018-04-19,10410,5800.0,cheque,2997
2273,202,2018-01-04,10546,5000.0,versement,3008
2279,202,2018-01-07,8591,5000.0,versement,3008
2771,245,2018-06-19,11075,140000.0,,3188
2766,202,2018-06-19,8821,36000.0,cheque,3024
2774,202,2018-06-20,9378,40000.0,cheque,3024
2772,244,2018-06-19,11137,5000.0,versement,3008
2775,113,2018-06-20,7535,69739.5,virement,3041
2773,163,2018-06-20,8361,198000.0,virement,3025
2780,245,2018-06-24,7664,15000.0,,3353
2776,202,2018-06-20,10367,40000.0,virement,3024
2777,244,2018-06-21,10986,30000.0,versement,3032
2778,244,2018-06-21,11097,2000.0,virement,2773
2781,245,2018-06-24,7664,30000.0,,3032
2782,244,2018-06-25,11118,92000.0,versement,0
2783,113,2018-06-26,9849,369500.0,virement,3456
1859,163,2017-06-18,10339,30000.0,cheque,3032
1866,202,2017-06-21,9029,5000.0,versement,3008
2259,202,2017-12-27,10175,2000.0,versement,2773
2260,163,2017-12-27,8662,2000.0,versement,2773
2587,244,2018-04-19,8860,50000.0,virement,3025
2262,232,2017-12-28,10616,5000.0,espece,3008
2272,163,2018-01-04,8826,44000.0,versement,2773
2583,244,2018-04-19,10659,36000.0,virement,3024
2277,163,2018-01-07,10567,622608.0,cheque,0
2281,202,2018-01-08,10596,5000.0,versement,3008
2290,110,2018-01-11,9704,30000.0,cheque,3032
2578,244,2018-04-16,10847,36000.0,versement,3024
2579,110,2018-04-17,8854,158000.0,cheque,3862
2584,244,2018-04-19,10759,11900.0,virement,3016
2580,245,2018-04-17,9810,10000.0,versement,3021
2581,163,2018-04-18,8846,60000.0,cheque,3047
2585,202,2018-04-19,10175,6000.0,versement,2773
2588,113,2018-04-18,7535,209218.5,virement,0
2586,202,2018-04-19,10256,2000.0,versement,2773
2589,163,2018-04-22,10209,37314.0,virement,2804
2784,113,2018-06-26,9849,54600.0,virement,2868
2842,202,2018-07-17,11156,80000.0,cheque,3627
1861,202,2017-06-18,10372,10100.0,espece,3021
1862,202,2017-06-18,8049,40000.0,versement,3024
1870,202,2017-06-27,10373,3986.0,virement,2997
1879,163,2017-07-06,9945,5000.0,versement,3008
1871,202,2017-06-29,10367,40000.0,virement,3024
1872,163,2017-07-02,8268,50000.0,cheque,2762
1873,163,2017-07-02,7798,10000.0,versement,3008
1874,202,2017-07-03,8068,32000.0,virement,3032
1875,163,2017-07-03,10324,155250.0,cheque,0
1877,163,2017-07-06,8267,5000.0,versement,3008
1886,202,2017-07-10,7603,40400.0,espece,3024
2264,232,2017-12-28,9317,5050.0,espece,3008
1887,163,2017-07-11,9919,10000.0,virement,3021
2265,202,2017-12-28,10398,980796.0,cheque,2804
1888,202,2017-07-12,10209,37314.0,cheque,2804
1889,163,2017-07-12,7722,30000.0,virement,3032
1890,107,2017-06-29,10209,4000.0,virement,2773
2268,232,2017-12-31,8312,5050.0,espece,3008
2271,202,2018-01-03,10606,5050.0,espece,3008
2280,163,2018-01-07,9676,5000.0,versement,3008
2288,163,2018-01-10,10618,56250.0,virement,0
1891,202,2017-07-16,10394,27000.0,cheque,3032
2266,163,2017-12-28,10061,95200.0,cheque,2971
1897,202,2017-07-18,8254,155460.0,cheque,3041
2278,163,2018-01-07,10625,5000.0,versement,3008
1898,113,2017-07-13,9020,6000.0,versement,2773
1899,202,2017-07-18,9608,40000.0,versement,3024
2593,202,2018-04-24,10227,220230.0,cheque,3041
2597,202,2018-04-25,10287,2020.0,espece,3032
1915,202,2017-07-24,10219,226440.0,cheque,2985
1918,202,2017-07-25,8143,2000.0,versement,2997
1919,110,2017-07-25,9042,70711.8,cheque,3037
2594,244,2018-04-24,10917,27000.0,cheque,3032
2590,244,2018-04-24,9760,5000.0,versement,3008
2591,245,2018-04-24,8136,50000.0,virement,3025
2592,163,2018-04-24,8216,10000.0,versement,3021
2595,244,2018-04-24,10315,9090.0,espece,3021
2596,245,2018-04-24,10292,7000.0,virement,3008
2603,163,2018-04-29,8143,10000.0,versement,3008
2604,163,2018-04-29,8143,12000.0,versement,2997
2605,244,2018-04-30,8190,30000.0,versement,3032
2606,244,2018-04-30,10567,466956.0,cheque,3368
1893,163,2017-07-16,8143,10000.0,versement,3008
2270,202,2018-01-02,10491,100000.0,espece,3680
2274,163,2018-01-04,9364,30000.0,versement,3032
2792,113,2018-06-28,9056,30000.0,cheque,3032
2607,202,2018-04-30,10662,192003.95,cheque,3368
2793,244,2018-06-28,11128,9000.0,versement,3021
2287,163,2018-01-09,8485,30000.0,cheque,3032
2289,163,2018-01-10,8895,30300.0,espece,3032
2785,113,2018-06-26,7535,11011.5,virement,3601
2291,110,2018-01-11,9704,5920.0,cheque,2997
2788,244,2018-06-26,10917,208000.0,cheque,3009
2798,244,2018-06-28,8205,8547.95,,2997
2789,244,2018-06-26,10410,30000.0,cheque,3032
2790,163,2018-06-27,11105,439896.0,cheque,3019
2799,244,2018-06-30,11160,5000.0,virement,3008
2803,202,2018-07-03,10394,27000.0,cheque,3032
1894,163,2017-07-16,8143,15000.0,versement,3008
2312,113,2018-01-22,10368,140000.0,espece,0
1907,163,2017-07-20,10404,69127.6,cheque,3024
2295,163,2018-01-11,10638,50400.0,espece,3181
1925,202,2017-07-26,9584,50000.0,cheque,0
2302,244,2018-01-16,10617,75000.0,cheque,0
2296,163,2018-01-14,7863,40000.0,virement,3024
2297,202,2018-01-15,8168,80000.0,virement,3627
2308,202,2018-01-18,10651,5050.0,espece,3008
2298,202,2018-01-15,10637,5000.0,versement,3008
2303,202,2018-01-16,8826,4000.0,versement,2773
2299,244,2018-01-15,10626,5050.0,espece,3008
2300,163,2018-01-15,10626,73320.0,espece,3008
2304,244,2018-01-17,10435,19897.0,espece,2997
2305,202,2018-01-17,7464,5000.0,versement,3008
2309,244,2018-01-21,10209,20000.0,espece,3032
2310,163,2018-01-21,10592,10000.0,virement,3021
2313,163,2018-01-22,8797,120000.0,virement,2857
2311,163,2018-01-22,8751,45000.0,cheque,3025
2318,244,2018-01-22,10252,3960.0,espece,2997
2319,163,2018-01-23,10200,9000.0,versement,3021
2320,163,2018-01-24,10224,50000.0,cheque,3025
2321,244,2018-01-24,10656,10000.0,virement,3021
2324,113,2018-01-23,10647,900.0,versement,0
2628,245,2018-05-13,7722,40000.0,,3024
1896,202,2017-07-17,8248,5000.0,versement,3008
2322,163,2018-01-25,9049,79820.0,cheque,3041
1900,202,2017-07-19,10401,5050.0,espece,3008
2608,202,2018-04-30,10662,709537.5,cheque,3368
1905,202,2017-07-20,10402,5000.0,versement,3008
2609,163,2018-04-30,10914,40000.0,cheque,3024
2610,244,2018-04-30,10966,5000.0,,3008
2616,244,2018-05-03,9576,4759.12,espece,2997
2611,163,2018-05-02,8009,10000.0,cheque,3021
1913,202,2017-07-24,10175,4000.0,versement,2773
1924,202,2017-07-26,9584,50000.0,cheque,0
2612,163,2018-05-02,8844,10000.0,virement,3021
2613,244,2018-05-02,10759,178500.0,cheque,3452
2621,202,2018-05-07,8739,79500.0,cheque,3353
2624,202,2018-05-10,7995,5000.0,virement,3008
2620,202,2018-05-07,8212,98000.0,virement,3024
2622,202,2018-05-07,10315,60000.0,,0
2623,244,2018-05-09,10917,208000.0,cheque,0
2625,163,2018-05-10,8235,5000.0,cheque,3008
2626,163,2018-05-10,10916,30000.0,cheque,3032
2631,163,2018-05-14,10980,5050.0,espece,3008
2632,202,2018-05-14,8248,5000.0,versement,3008
1908,202,2017-07-23,10331,65000.0,cheque,3009
1909,202,2017-07-23,10406,10000.0,,3021
1911,202,2017-07-23,10257,60000.0,cheque,3009
1912,202,2017-07-24,9626,5000.0,versement,3008
1914,202,2017-07-24,8083,4000.0,cheque,2997
1916,202,2017-07-24,9608,4000.0,versement,2773
1917,202,2017-07-25,8143,5000.0,versement,3008
1932,110,2017-07-30,8667,45000.0,cheque,3025
1920,113,2017-07-25,9914,9000.0,virement,3021
1928,110,2017-07-27,9465,400000.0,cheque,0
1921,202,2017-07-25,10345,60000.0,cheque,0
1922,113,2017-07-26,10209,37314.0,virement,3019
1923,113,2017-07-26,10209,37314.0,virement,3019
1929,202,2017-07-27,9770,343146.0,cheque,2857
1930,110,2017-07-30,9056,30000.0,cheque,3032
1931,110,2017-07-30,9929,50000.0,cheque,3025
1933,113,2017-07-31,8607,97500.0,cheque,2997
1934,113,2017-07-31,8607,88228.0,cheque,2997
1939,202,2017-07-31,10410,9000.0,versement,3021
1937,113,2017-07-31,10322,59500.0,cheque,3220
1938,202,2017-07-31,10411,51820.0,cheque,3041
1940,202,2017-08-01,8854,29750.0,cheque,2773
1941,202,2017-08-01,8854,10000.0,cheque,3021
1942,202,2017-08-01,10385,146880.0,,3019
1943,107,2017-05-10,9157,555000.0,cheque,3417
1944,107,2017-05-10,9157,277500.0,cheque,3417
1945,110,2017-08-02,8253,90000.0,cheque,3024
2323,113,2018-01-25,9157,30000.0,virement,3418
1948,202,2017-08-06,8248,5000.0,versement,3008
2634,163,2018-05-14,9904,9000.0,cheque,3021
2637,163,2018-05-14,10296,2000.0,versement,2773
2795,249,2018-07-01,11147,10000.0,espece,3021
2796,244,2018-06-28,11143,465000.0,versement,0
2801,244,2018-06-30,8253,90000.0,cheque,3024
2802,244,2018-06-04,8893,13000.0,versement,3008
2805,113,2018-07-03,9788,11900.0,cheque,3016
1946,202,2017-08-02,7992,125000.0,cheque,3025
1960,202,2017-08-20,8095,5000.0,virement,3008
2340,163,2018-02-01,8593,40000.0,cheque,3024
2326,244,2018-01-28,10471,5050.0,espece,3219
2335,202,2018-02-01,10662,709537.5,cheque,0
2327,163,2018-01-28,9505,10000.0,versement,3008
2328,244,2018-01-29,9803,5000.0,versement,3008
2329,163,2018-01-29,7990,30000.0,virement,3032
2336,202,2018-02-01,10662,140000.0,cheque,0
2330,163,2018-01-29,8400,20000.0,versement,3008
2331,110,2018-01-30,10203,450000.0,cheque,2762
2348,163,2018-02-04,9840,5000.0,cheque,3008
2332,163,2018-01-30,10012,27000.0,virement,3032
2337,202,2018-02-01,10215,27000.0,virement,3032
2333,163,2018-01-31,9271,36000.0,virement,3024
2334,163,2018-01-31,9676,20000.0,versement,3021
2338,163,2018-02-01,10667,7070.0,espece,3008
2346,244,2018-02-01,8486,10000.0,cheque,2997
2339,163,2018-02-01,10220,30000.0,cheque,3032
2342,163,2018-02-01,10220,30000.0,cheque,3032
2343,163,2018-02-01,10666,192600.0,cheque,2804
2344,244,2018-01-18,10626,142000.0,espece,3181
2345,244,2018-02-01,10626,161000.0,,3181
2347,244,2018-02-01,10653,56000.0,cheque,3025
2349,202,2018-02-04,10570,5000.0,versement,3008
2350,163,2018-02-04,10505,39270.0,cheque,3016
2351,202,2018-02-04,8885,5000.0,versement,3008
2352,244,2018-02-04,9324,18000.0,versement,3021
2353,244,2018-02-05,10671,30000.0,virement,3032
1947,202,2017-08-03,9154,5000.0,virement,3008
1949,202,2017-08-06,10332,30000.0,cheque,3032
2354,244,2018-02-05,10674,18937.5,espece,3818
1955,202,2017-08-14,10345,60000.0,cheque,3009
1956,113,2017-08-15,8970,10000.0,virement,3021
1958,202,2017-08-16,10227,33500.0,cheque,2850
2633,249,2018-05-14,9804,30000.0,virement,3032
1961,202,2017-08-20,8143,5000.0,versement,3008
2635,244,2018-05-14,9809,10000.0,virement,3021
2374,163,2018-02-13,10252,5000.0,versement,3008
2636,163,2018-05-14,8270,2000.0,versement,2773
2638,249,2018-05-14,10994,5000.0,virement,3008
2644,245,2018-05-16,8630,30000.0,cheque,3032
2652,163,2018-05-20,8917,40000.0,cheque,3024
2651,244,2018-05-17,8950,10000.0,cheque,3021
2653,163,2018-05-20,10671,35506.85,virement,2997
1950,202,2017-08-06,9983,27000.0,versement,3032
2355,244,2018-02-05,10675,5050.0,espece,3008
2377,202,2018-02-14,10251,5000.0,versement,3008
2356,244,2018-02-06,9564,5050.0,espece,3008
2365,163,2018-02-11,8282,2000.0,versement,2773
2357,244,2018-02-06,10678,5000.0,virement,3008
2358,244,2018-02-08,9292,5000.0,virement,3008
2359,163,2018-02-08,9986,24396.0,cheque,3602
2366,163,2018-02-12,9354,50000.0,virement,3025
2360,244,2018-02-11,10680,2000.0,espece,2773
2361,244,2018-02-11,10617,75011.4,cheque,3080
2362,163,2018-02-11,9505,5000.0,versement,3008
2367,244,2018-02-12,10729,10000.0,versement,3021
2375,244,2018-02-13,10730,10000.0,versement,3021
2378,202,2018-02-14,8897,30000.0,cheque,3032
2376,202,2018-02-13,10725,5000.0,virement,3008
2382,244,2018-02-15,10443,7070.0,espece,3008
2381,244,2018-02-14,10737,9000.0,versement,3021
2379,110,2018-02-14,8897,30000.0,cheque,3032
2380,202,2018-02-14,8607,80000.0,cheque,3627
2383,202,2018-02-15,7835,619543.75,cheque,0
2385,163,2018-02-18,10673,5000.0,espece,3008
2386,163,2018-02-18,8211,2020.0,espece,2773
1952,113,2017-08-07,10203,450000.0,cheque,0
2663,163,2018-05-21,8846,40000.0,cheque,3024
2387,163,2018-02-18,9544,2000.0,versement,2773
2664,163,2018-05-21,10219,120000.0,cheque,3452
2392,202,2018-02-19,8513,10100.0,espece,3008
2657,202,2018-05-20,8739,4000.0,espece,3880
2661,249,2018-05-20,11057,5000.0,,3500
2662,163,2018-05-21,8724,26894.0,cheque,2669
2669,249,2018-05-24,9740,27000.0,,3032
2672,249,2018-05-27,11084,25000.0,versement,3453
1957,202,2017-08-16,8607,357000.0,cheque,3456
2388,163,2018-02-18,7995,2000.0,virement,2773
1959,202,2017-08-20,10423,5000.0,versement,3008
2389,163,2018-02-18,10252,5000.0,versement,3008
2341,163,2018-02-01,8724,72000.0,cheque,3047
2390,163,2018-02-19,8661,30000.0,cheque,3032
2655,163,2018-05-20,11039,5000.0,versement,3008
2656,202,2018-05-20,8739,25000.0,cheque,3025
2665,163,2018-05-22,8855,40000.0,virement,3024
2666,244,2018-05-22,10346,10000.0,versement,3021
2667,163,2018-05-22,11066,5000.0,versement,3008
1954,113,2017-08-07,8314,32000.0,virement,2773
1962,163,2017-08-22,9109,50000.0,cheque,3025
1978,113,2017-08-28,10256,2000.0,versement,2773
1963,163,2017-08-23,9157,160650.0,cheque,3417
1972,110,2017-08-29,9743,27000.0,cheque,3032
1964,163,2017-08-23,9157,277500.0,cheque,3417
1965,163,2017-08-24,9954,5000.0,versement,3008
1966,163,2017-08-27,8826,2000.0,versement,2773
1973,163,2017-08-29,8648,4000.0,versement,2773
1967,163,2017-08-27,8826,2000.0,versement,2773
1968,202,2017-08-28,9676,18000.0,versement,2773
1982,122,2017-09-05,7787,15698.63,cheque,2997
1969,202,2017-08-28,9676,9000.0,versement,3008
1974,202,2017-08-30,10427,5050.0,,3008
1970,113,2017-08-28,10425,5050.0,espece,3008
1979,110,2017-09-04,10415,45000.0,cheque,3025
1971,163,2017-08-29,10309,97500.0,cheque,0
1975,110,2017-08-31,10414,10000.0,cheque,3021
1976,202,2017-09-03,8283,15000.0,virement,3025
1980,163,2017-09-04,7817,40000.0,cheque,3024
1983,163,2017-09-05,9980,31000.0,cheque,2786
1981,202,2017-09-05,10345,10000.0,cheque,3021
1986,113,2017-09-06,8966,385800.0,virement,3011
1984,202,2017-09-06,10127,30000.0,versement,3032
1988,202,2017-09-06,10127,5000.0,versement,3008
1985,202,2017-09-06,10127,5050.0,versement,3008
1989,202,2017-09-07,10431,5050.0,,3008
1990,113,2017-09-07,10431,5050.0,espece,0
1991,110,2017-09-11,9584,50000.0,cheque,3025
1992,110,2017-09-11,9584,50000.0,cheque,3025
2000,163,2017-09-14,8344,5000.0,versement,3008
2023,113,2017-09-17,10441,10000.0,versement,3021
2395,163,2018-02-20,10324,909500.4,cheque,3019
2668,244,2018-05-23,10990,10000.0,versement,3021
2807,249,2018-07-08,10789,30000.0,virement,3032
2686,202,2018-05-29,10331,10000.0,virement,3021
2688,202,2018-05-30,8143,5000.0,versement,3008
2692,245,2018-05-30,8691,5000.0,versement,3008
2808,244,2018-07-08,8314,32000.0,virement,3032
2698,163,2018-05-31,9584,500000.0,cheque,3895
2699,163,2018-05-31,10209,37314.0,cheque,3675
2703,244,2018-06-03,10759,99105.0,cheque,3452
2812,244,2018-07-09,10967,30000.0,virement,3032
1993,110,2017-09-11,9584,480000.0,cheque,3025
2845,244,2018-07-19,11178,10000.0,versement,3021
1999,202,2017-09-14,9840,10000.0,cheque,3021
2005,163,2017-09-18,9322,10000.0,versement,3021
2701,163,2018-05-31,10209,37314.0,cheque,3675
2008,163,2017-09-19,8128,10000.0,versement,3008
2021,163,2017-09-24,10440,5000.0,versement,3008
2850,202,2018-07-22,8513,5050.0,espece,3008
2846,244,2018-07-19,11186,10100.0,espece,3021
2393,244,2018-02-20,10749,11000.0,versement,3008
2673,244,2018-05-27,10443,10100.0,espece,3021
2693,245,2018-05-30,11090,9000.0,versement,3021
2847,163,2018-07-19,10414,10000.0,cheque,3021
2696,249,2018-05-31,10261,5000.0,,3008
2719,163,2018-06-10,10372,10100.0,espece,3021
2843,202,2018-07-18,9676,20000.0,versement,3021
2848,202,2018-07-19,10425,10100.0,espece,3021
2844,244,2018-07-18,11185,5000.0,versement,3008
2849,202,2018-07-22,9743,27000.0,cheque,3032
1994,202,2017-09-11,8286,5000.0,cheque,3008
2013,163,2017-09-20,9884,715910.28,virement,3039
2394,244,2018-02-20,7611,5000.0,virement,3008
2397,163,2018-02-21,10754,20000.0,versement,3021
2398,163,2018-02-22,9037,5000.0,versement,3008
2399,122,2018-02-22,9607,27000.0,cheque,3032
2407,202,2018-02-27,10752,5000.0,versement,3008
2400,163,2018-02-22,10239,80000.0,cheque,3627
2401,163,2018-02-22,10758,7070.0,espece,2773
2408,202,2018-02-27,9945,5000.0,versement,3008
2403,244,2018-02-25,9333,15000.0,virement,3032
2404,163,2018-02-26,10226,8400.0,virement,2997
2413,202,2018-02-27,9676,7800.0,versement,2997
2405,244,2018-02-26,8645,10100.0,espece,3021
2406,244,2018-02-26,8449,10000.0,versement,3021
2409,202,2018-02-27,10256,2000.0,versement,2773
2410,202,2018-02-27,10238,36000.0,versement,3024
2414,202,2018-02-27,10261,5000.0,versement,3008
2411,202,2018-02-27,9676,5000.0,versement,3008
2412,202,2018-02-27,9676,5000.0,versement,3008
2415,245,2018-02-28,8083,10000.0,,3021
2419,244,2018-03-04,10773,30000.0,virement,3032
2416,244,2018-02-28,10763,5000.0,,3008
2418,163,2018-03-01,9037,2000.0,versement,2773
2420,244,2018-03-05,10766,30000.0,virement,3032
2422,163,2018-03-06,10781,4000.0,versement,2773
2421,163,2018-03-05,10589,10000.0,versement,2773
2423,202,2018-03-06,10256,30000.0,versement,3032
2417,163,2018-03-01,10184,40000.0,cheque,3024
2424,245,2018-03-06,10765,30000.0,virement,3032
1995,202,2017-09-12,9154,9000.0,virement,3021
2020,163,2017-09-24,8573,10000.0,versement,3008
2682,245,2018-05-29,10988,30000.0,,3032
2674,163,2018-05-27,10620,670000.0,virement,3350
2675,202,2018-05-28,10359,40000.0,cheque,3024
2676,202,2018-05-28,8242,10000.0,virement,3021
2678,163,2018-05-28,8142,55000.0,cheque,3680
2679,202,2018-05-28,9364,12380.0,virement,2997
2680,163,2018-05-29,7780,40000.0,virement,3024
2681,244,2018-05-29,8435,30000.0,versement,3032
2683,163,2018-05-29,10226,106875.0,cheque,3350
1996,163,2017-09-12,8143,7000.0,versement,3008
2024,163,2017-09-27,9722,139000.0,cheque,3009
1997,163,2017-09-12,7603,10100.0,espece,3021
2001,163,2017-09-14,10085,40000.0,versement,3024
2004,163,2017-09-18,8642,5000.0,virement,3008
2426,244,2018-03-06,8432,10000.0,versement,3021
2012,163,2017-09-20,7972,7140.0,versement,3016
2019,163,2017-09-23,9129,10000.0,virement,3021
2427,202,2018-03-07,8905,27000.0,cheque,3032
2434,113,2018-03-06,7535,69739.5,virement,0
2428,163,2018-03-07,8895,40000.0,cheque,3024
2429,163,2018-03-07,10258,40000.0,cheque,3024
2435,113,2018-03-06,7535,69739.5,virement,0
2430,202,2018-03-07,8648,2000.0,versement,2773
2431,202,2018-03-08,10261,5000.0,versement,3008
2432,244,2018-03-08,10634,233240.0,cheque,3188
2433,244,2018-03-08,10507,9000.0,virement,3021
2436,163,2018-03-11,8455,2000.0,,2773
2437,244,2018-03-12,10567,466956.0,,0
1998,113,2017-09-13,10434,30000.0,cheque,3032
2015,163,2017-09-20,9137,5000.0,versement,3008
2022,202,2017-09-25,10257,60000.0,cheque,3009
2707,244,2018-06-04,11095,50000.0,virement,3025
2684,244,2018-05-29,10835,15000.0,cheque,3008
2685,249,2018-05-29,11091,5050.0,espece,3008
2694,202,2018-05-31,8852,30000.0,cheque,2815
2695,202,2018-05-31,9929,5178.0,cheque,2997
2702,163,2018-05-31,10219,120000.0,cheque,3452
2715,163,2018-06-06,9465,30000.0,virement,3032
2823,244,2018-07-11,11170,10795.68,virement,3586
2002,163,2017-09-14,10435,10100.0,espece,3021
2006,110,2017-09-19,10398,326932.0,cheque,2804
2467,163,2018-03-12,10443,2020.0,espece,2773
2007,202,2017-09-19,8545,5000.0,virement,3008
2016,202,2017-09-21,8582,10000.0,versement,3021
2468,163,2018-03-13,8439,50500.0,espece,3025
2469,163,2018-03-13,10668,6012.48,cheque,2763
2691,244,2018-05-30,10634,5050.0,espece,3008
2687,202,2018-05-30,8143,1000.0,versement,2997
2689,202,2018-05-30,8143,5000.0,versement,3008
2690,202,2018-05-30,10215,8797.0,virement,2997
2697,244,2018-05-31,8171,27000.0,versement,3032
2003,110,2017-09-17,7911,140000.0,cheque,3025
2010,163,2017-09-19,8093,5000.0,versement,3008
2014,163,2017-09-20,9137,5000.0,versement,3008
2474,163,2018-03-15,10233,10000.0,versement,3008
2482,245,2018-03-19,10801,30000.0,versement,3032
2466,163,2018-03-12,8436,5000.0,versement,3008
2470,202,2018-03-14,8447,198000.0,virement,3627
2471,163,2018-03-14,7999,2000.0,versement,2773
2479,244,2018-03-18,10805,2000.0,,2773
2472,245,2018-03-14,10796,30300.0,,3032
2473,202,2018-03-15,10401,5050.0,espece,3008
2477,244,2018-03-18,10647,10000.0,versement,3021
2478,244,2018-03-18,10647,7140.0,versement,3021
2480,163,2018-03-18,8142,55000.0,cheque,0
2483,244,2018-03-19,10527,5000.0,versement,3008
2481,245,2018-03-19,10804,30000.0,cheque,3032
2486,163,2018-03-21,10166,59500.0,virement,3041
2484,244,2018-03-19,10527,199000.0,versement,3680
2485,244,2018-03-19,10278,5000.0,versement,3008
2487,163,2018-03-21,10789,6500.0,versement,2997
2488,163,2018-03-21,9751,10000.0,virement,3021
2489,202,2018-03-22,10226,135375.0,cheque,0
2490,113,2018-03-20,7535,69739.5,virement,3041
2492,202,2018-03-25,10815,10000.0,versement,3008
2009,163,2017-09-19,8097,30000.0,virement,3032
2491,163,2018-03-25,9673,45000.0,cheque,3025
2495,202,2018-03-25,10520,159000.0,virement,3009
2700,163,2018-05-31,10209,37314.0,cheque,3675
2826,1,2018-07-11,9042,70711.8,cheque,3200
2852,202,2018-07-23,7835,619543.75,cheque,3456
2853,202,2018-07-23,7603,40000.0,espece,3024
2854,202,2018-07-23,7603,40000.0,espece,3024
2855,244,2018-07-23,11183,271875.0,cheque,2762
2856,244,2018-07-24,11152,116150.0,espece,3609
2857,163,2018-07-24,9208,82485.0,cheque,2864
2851,202,2018-07-22,10514,2000.0,versement,2773
2858,249,2018-07-24,11167,12495.0,virement,2763
2859,249,2018-07-25,10402,5000.0,virement,3008
2864,244,2018-07-26,10539,3600.0,versement,2997
2860,163,2018-07-25,9929,80000.0,cheque,3627
2861,163,2018-07-25,10415,45000.0,cheque,3025
2872,163,2018-07-29,10434,30000.0,virement,3032
2867,163,2018-07-26,10209,37314.0,virement,2804
2868,163,2018-07-26,10209,15000.0,virement,2804
2869,202,2018-07-26,10345,30000.0,cheque,3032
2863,202,2018-07-26,9884,141750.0,cheque,3680
2865,163,2018-07-26,10209,10000.0,virement,2804
2866,163,2018-07-26,10209,37314.0,virement,2804
2870,249,2018-07-26,11181,50000.0,virement,3025
2871,202,2018-07-29,10175,4000.0,versement,2773
2874,163,2018-07-30,11182,22465.75,virement,2997
2878,163,2018-07-30,9584,50000.0,cheque,3455
2875,244,2018-07-30,11197,7000.0,espece,3008
2877,163,2018-07-30,9584,120000.0,cheque,3047
2879,163,2018-07-30,9584,26500.0,cheque,3455
2881,163,2018-07-30,11187,30000.0,cheque,3032
2880,163,2018-07-30,9980,4986.0,cheque,2997
2882,202,2018-07-30,10394,8500.0,cheque,2997
2883,163,2018-07-30,10792,60000.0,cheque,3009
2884,163,2018-07-30,10792,40000.0,virement,3009
2885,163,2018-07-30,10792,39000.0,virement,3009
2898,249,2018-08-02,11203,5000.0,espece,3008
3728,245,2019-07-23,11614,1328940.16,cheque,2908
3731,252,2019-07-24,11940,30000.0,cheque,3032
4068,202,2019-12-24,11548,80000.0,cheque,3627
4077,244,2019-12-29,11953,40000.0,virement,3024
4072,243,2019-12-26,11915,97200.0,espece,3019
3717,113,2019-07-17,11761,439208.0,cheque,3456
3724,202,2019-07-21,9378,40000.0,cheque,3024
2893,244,2018-07-31,8899,5000.0,virement,3008
2895,202,2018-07-31,10491,80800.0,espece,3457
4078,252,2019-12-30,10184,80000.0,cheque,3627
2896,113,2018-08-01,10748,50000.0,virement,3032
3732,113,2019-07-24,9203,389637.5,cheque,3011
4066,244,2019-12-24,11499,149760.0,virement,2804
2887,244,2018-07-31,11149,147000.0,cheque,2762
2891,163,2018-07-31,7958,244125.0,virement,2762
3716,110,2019-07-17,8351,1940112.0,cheque,3038
3725,244,2019-07-21,11931,40000.0,virement,3024
3726,252,2019-07-22,11186,10100.0,espece,3021
4084,249,2019-12-31,11570,10000.0,versement,3021
3734,244,2019-07-25,11183,30000.0,virement,3032
2892,163,2018-07-31,10849,76760.0,espece,3627
2890,163,2018-07-31,7958,244125.0,virement,2762
3712,245,2019-07-17,11848,30000.0,cheque,3032
3721,252,2019-07-21,7999,4000.0,versement,2786
2894,244,2018-07-31,11175,9000.0,virement,3021
3718,252,2019-07-18,9037,10000.0,versement,3021
3719,202,2019-07-18,11938,10000.0,virement,3021
2900,113,2018-08-05,7830,282610.8,cheque,3039
2901,244,2018-08-09,8248,5000.0,versement,3008
2917,244,2018-08-26,11276,10100.0,espece,3008
2911,249,2018-08-16,11270,2020.0,espece,2786
2912,244,2018-08-19,11272,5000.0,versement,3008
2906,249,2018-08-13,11217,10000.0,virement,3021
2907,244,2018-08-14,10423,5000.0,versement,3008
2921,244,2018-08-28,10452,27000.0,virement,3032
2908,244,2018-08-15,11143,14500.0,versement,2803
2913,244,2018-08-19,10171,3397.0,versement,2997
2909,244,2018-08-16,11143,31966.0,versement,2803
2918,245,2018-08-26,11260,52000.0,cheque,3025
2910,249,2018-08-16,11269,5000.0,espece,3008
2914,113,2018-07-08,8662,2000.0,versement,2773
2915,244,2018-08-20,11191,5000.0,versement,3008
2919,245,2018-08-27,11277,5000.0,versement,3008
2916,113,2018-08-26,9005,119000.0,virement,3912
2928,249,2018-09-03,9134,50000.0,virement,0
2922,244,2018-08-30,11080,56000.0,cheque,3032
2920,113,2018-08-27,11190,1026996.0,cheque,3019
2924,249,2018-09-02,11288,10000.0,virement,3021
2932,202,2018-09-04,11292,51820.0,cheque,3041
2931,202,2018-09-04,9154,9000.0,virement,3021
2933,249,2018-09-02,9134,50000.0,versement,3025
2934,244,2018-09-06,9980,100000.0,cheque,3024
2935,249,2018-09-06,10127,50000.0,versement,3500
2936,202,2018-09-06,7817,40000.0,cheque,3024
2937,244,2018-09-06,8143,5000.0,versement,3008
2947,244,2018-09-17,9983,11700.0,virement,2997
3710,249,2019-07-16,11926,10000.0,versement,3021
3730,202,2019-07-24,8049,40000.0,virement,3024
2938,244,2018-09-06,8143,2000.0,versement,2997
2943,245,2018-09-12,8642,5000.0,versement,3008
3711,244,2019-07-17,11923,30000.0,cheque,3032
2944,244,2018-09-12,11301,10000.0,cheque,3021
2948,244,2018-09-17,10452,30000.0,virement,3032
2939,163,2018-09-09,10085,40000.0,versement,3024
3714,252,2019-07-17,11941,40000.0,versement,3024
2940,163,2018-09-09,9954,5050.0,espece,3008
3720,202,2019-07-18,10514,4000.0,virement,2773
2945,245,2018-09-16,9322,10000.0,cheque,3021
3727,252,2019-07-22,11920,145000.0,cheque,2762
2942,245,2018-09-10,11309,12000.0,versement,3021
2952,244,2018-09-17,11118,92000.0,cheque,2762
2962,163,2018-09-19,8532,30000.0,virement,3032
2954,113,2018-09-17,8121,2967822.0,virement,3060
2955,249,2018-09-18,11318,5050.0,espece,3500
2968,163,2018-09-25,8107,5000.0,versement,3008
2956,110,2018-09-18,10776,50000.0,cheque,3025
2963,163,2018-09-19,7760,50000.0,virement,3040
2957,244,2018-09-19,10440,5000.0,versement,3008
2958,245,2018-09-19,10012,10000.0,versement,2997
2959,202,2018-09-19,9956,50000.0,virement,3025
2972,202,2018-09-25,10552,135000.0,cheque,3457
2960,163,2018-09-19,7963,140000.0,cheque,3025
2969,163,2018-09-25,8513,5050.0,espece,3008
2961,163,2018-09-19,11072,15150.0,espece,3829
2970,163,2018-09-25,10209,22314.0,espece,2804
2965,163,2018-09-23,10431,40000.0,versement,3024
2966,245,2018-09-23,10001,20000.0,virement,3021
2978,163,2018-09-26,9884,715910.28,cheque,3039
2967,252,2018-09-23,11322,5000.0,versement,3008
2971,202,2018-09-25,8589,323465.8,cheque,3041
2973,202,2018-09-25,10552,70000.0,cheque,3457
2977,252,2018-09-26,11269,22422.0,espece,2997
2974,163,2018-09-25,9109,50000.0,cheque,3025
2976,163,2018-09-26,11286,120000.0,virement,3024
2979,245,2018-09-26,8344,5000.0,versement,3008
2980,252,2018-09-26,11330,2000.0,espece,2773
2981,244,2018-09-27,9137,5000.0,versement,3008
2982,244,2018-09-27,10792,400000.0,cheque,2762
2983,202,2018-09-27,7603,10000.0,espece,3021
2984,163,2018-09-27,9945,5000.0,versement,3008
2985,113,2018-09-27,8121,798525.0,virement,3060
2987,249,2018-09-30,9101,9000.0,cheque,3021
3735,252,2019-07-25,7999,2000.0,versement,2773
2986,163,2018-09-30,9143,10000.0,virement,3021
3736,252,2019-07-25,11954,30000.0,versement,3032
3744,202,2019-07-30,10415,72000.0,cheque,3627
2988,249,2018-09-30,11280,80000.0,cheque,3627
3748,202,2019-07-31,8253,1428948.75,cheque,4069
3753,244,2019-08-04,11181,50000.0,versement,3025
2990,202,2018-09-30,8378,100000.0,virement,3025
2998,244,2018-10-03,11265,81600.0,cheque,2762
2991,249,2018-10-01,10589,4000.0,virement,2786
3000,249,2018-10-04,11311,20000.0,virement,3021
3004,252,2018-10-07,8362,5000.0,versement,3008
3005,163,2018-10-07,10494,10000.0,espece,3021
2997,202,2018-10-02,8685,120000.0,cheque,3839
3006,244,2018-10-07,9271,4700.0,versement,2997
3013,202,2018-10-10,8143,5000.0,versement,3008
3007,244,2018-10-07,9271,40000.0,versement,3024
3002,163,2018-10-04,9037,5000.0,versement,3008
3011,202,2018-10-09,8685,152796.0,cheque,3839
3008,202,2018-10-07,11380,5000.0,virement,3008
3009,244,2018-10-08,9645,2000.0,espece,2773
3012,202,2018-10-10,8191,80000.0,cheque,3025
3014,202,2018-10-10,8143,5000.0,versement,3008
3017,249,2018-10-11,8697,2000.0,versement,2786
3015,249,2018-10-10,10455,50000.0,cheque,3025
3016,110,2018-10-10,11386,18000.0,cheque,2773
3019,245,2018-10-11,10466,40000.0,virement,3024
3018,249,2018-10-11,11352,30000.0,virement,3032
3020,202,2018-10-11,8384,30000.0,virement,3032
3021,202,2018-10-11,10256,2000.0,versement,2773
3022,244,2018-10-11,9129,30000.0,virement,3032
3023,252,2018-10-11,11412,30000.0,versement,3032
3035,202,2018-10-17,11428,10000.0,versement,3021
3741,252,2019-07-29,7999,2000.0,versement,2773
3024,252,2018-10-14,11414,5050.0,espece,3008
3033,163,2018-10-16,8093,7000.0,versement,3008
3742,202,2019-07-29,11894,10100.0,espece,3021
3051,202,2018-10-28,9676,20000.0,virement,3021
3025,249,2018-10-14,9137,5000.0,versement,3008
3760,202,2019-08-06,8602,330000.0,cheque,3351
3030,249,2018-10-15,10487,10000.0,versement,3021
3040,252,2018-10-21,11430,10000.0,virement,3021
3050,252,2018-10-28,11442,5050.0,espece,3008
3761,244,2019-08-06,11833,590240.0,cheque,4018
3770,281,2019-08-20,11966,40000.0,espece,3024
3771,244,2019-08-20,11967,2020.0,espece,2773
3777,244,2019-08-25,9980,30000.0,cheque,3032
3026,202,2018-10-15,8304,27000.0,virement,3032
3034,252,2018-10-17,9037,10000.0,versement,3021
3046,252,2018-10-25,11438,2000.0,versement,2773
3747,249,2019-07-31,10789,10000.0,virement,3021
3749,202,2019-07-31,7958,518000.0,cheque,0
3763,244,2019-08-08,8432,10000.0,versement,3021
3767,244,2019-08-15,11330,2020.0,espece,2773
3783,244,2019-08-28,9980,40000.0,virement,3024
3765,202,2019-08-15,11059,50000.0,cheque,3025
3774,113,2019-06-19,11137,5000.0,versement,3008
3789,244,2019-09-04,9133,50000.0,cheque,3025
3029,252,2018-10-15,11420,50000.0,cheque,3025
3039,163,2018-10-21,8115,40000.0,virement,3024
3041,249,2018-10-21,8569,5000.0,versement,3008
3754,202,2019-08-04,10345,30000.0,cheque,3032
3043,163,2018-10-22,9233,30300.0,espece,3032
3044,249,2018-10-23,11318,4589.04,versement,2997
3045,249,2018-10-24,9677,5050.0,espece,3008
3766,202,2019-08-15,11542,50000.0,cheque,3025
3052,202,2018-10-28,10546,5000.0,virement,3008
3053,202,2018-10-28,8854,54750.0,cheque,2978
3785,244,2019-09-03,11292,51820.0,cheque,3041
3791,252,2019-09-05,11972,80000.0,cheque,3627
3031,249,2018-10-15,10487,10000.0,versement,3021
3755,252,2019-08-05,11962,40000.0,cheque,3024
3757,202,2019-08-05,10666,30000.0,versement,3032
3759,245,2019-08-05,7830,942036.0,cheque,3019
3768,113,2019-08-07,11884,30000.0,cheque,3032
3779,244,2019-08-26,8248,10000.0,versement,3021
3782,244,2019-08-28,8095,5000.0,virement,3008
4348,113,2019-05-29,11842,241200.0,cheque,3455
3032,163,2018-10-16,7995,9000.0,versement,3008
3036,202,2018-10-17,11341,20000.0,versement,3021
3038,163,2018-10-18,11422,50500.0,espece,3025
3756,252,2019-08-05,11898,489876.0,versement,3019
3049,252,2018-10-28,11441,50000.0,versement,3025
3769,244,2019-08-19,9247,10000.0,virement,3021
3772,113,2019-08-21,8093,10000.0,versement,3021
3776,244,2019-08-22,9109,50000.0,cheque,3025
3787,252,2019-09-04,11975,10000.0,cheque,3021
3792,244,2019-09-05,10452,36000.0,virement,3024
3758,252,2019-08-05,11963,8080.0,espece,2786
3773,113,2019-08-13,9954,5000.0,versement,3008
3790,252,2019-09-04,11973,10000.0,espece,3021
3042,163,2018-10-21,8846,60000.0,cheque,3047
3063,245,2018-10-30,7664,150000.0,cheque,2762
3048,202,2018-10-28,8966,50000.0,virement,3025
3064,202,2018-10-31,10896,59500.0,cheque,2815
3069,202,2018-10-31,10514,2000.0,cheque,3862
3057,244,2018-10-29,9230,40000.0,cheque,3024
3010,163,2018-10-09,9042,70711.8,cheque,3818
3058,163,2018-10-29,11443,30000.0,versement,3032
3059,163,2018-10-29,7830,282610.8,cheque,3039
3065,249,2018-10-31,11461,5000.0,versement,3008
3061,202,2018-10-30,8587,346820.0,virement,3041
3062,252,2018-10-30,11438,3000.0,versement,3008
3070,249,2018-10-31,9203,50000.0,cheque,2681
3066,202,2018-10-31,10083,10000.0,cheque,3021
3067,202,2018-10-31,8607,120000.0,cheque,3452
3068,202,2018-10-31,10514,65000.0,cheque,3066
3071,244,2018-10-31,10252,5000.0,espece,3008
3075,163,2018-11-04,10258,53300.0,cheque,2997
3072,163,2018-10-31,10184,86000.0,cheque,2997
3073,163,2018-10-31,10324,909500.4,cheque,3019
3076,202,2018-11-05,7787,80000.0,cheque,2666
3080,202,2018-11-05,8556,5000.0,versement,3008
3081,252,2018-11-06,10545,5000.0,versement,3008
3087,202,2018-11-07,10513,30000.0,cheque,3032
3130,202,2018-11-21,8143,4000.0,versement,2997
3095,245,2018-11-11,9741,2020.0,espece,2786
3131,202,2018-11-21,8143,5000.0,versement,3008
3793,244,2019-09-08,10792,30000.0,virement,3032
3103,163,2018-11-14,10427,2020.0,espece,2773
3113,249,2018-11-15,11492,5000.0,versement,3008
3116,249,2018-11-19,9292,27000.0,virement,3032
3119,202,2018-11-19,10896,30000.0,virement,3032
3142,249,2018-11-26,9203,79000.0,cheque,2971
3794,249,2019-09-11,11280,80000.0,cheque,3627
3800,249,2019-09-16,10440,5000.0,virement,3008
3090,202,2018-11-07,8248,5000.0,versement,3008
3114,163,2018-11-15,9986,1410234.0,cheque,3041
3115,163,2018-11-15,11426,150000.0,cheque,3032
3137,244,2018-11-25,11513,100000.0,cheque,3032
3145,252,2018-11-27,11530,20000.0,versement,3008
3089,252,2018-11-07,10504,5050.0,espece,3008
3795,252,2019-09-11,11976,30000.0,versement,3032
3111,244,2018-11-15,10252,10000.0,espece,3021
3801,252,2019-09-16,7963,140000.0,cheque,3025
3112,249,2018-11-15,11472,9000.0,versement,3021
3802,249,2019-09-17,8128,5000.0,virement,3008
3091,163,2018-11-08,7995,10000.0,virement,3021
3106,245,2018-11-14,7830,376814.4,cheque,3039
3107,245,2018-11-14,11003,79000.0,virement,3041
3796,252,2019-09-11,8097,40000.0,virement,3024
3121,202,2018-11-19,9330,30300.0,espece,3032
3122,244,2018-11-19,7967,30000.0,versement,3032
3144,252,2018-11-27,10156,5000.0,versement,3008
3149,202,2018-11-28,10552,30000.0,cheque,3217
3152,244,2018-11-28,10531,10100.0,espece,3021
3154,202,2018-11-29,10597,50000.0,virement,3025
3156,163,2018-11-29,7958,40000.0,cheque,3024
3100,245,2018-11-13,10530,40000.0,cheque,3024
3104,163,2018-11-14,10166,40000.0,cheque,3024
3136,244,2018-11-25,11513,30000.0,cheque,3032
3105,245,2018-11-14,8083,80000.0,cheque,3627
3118,163,2018-11-19,10538,10000.0,versement,3021
3158,202,2018-11-29,10520,70000.0,virement,3627
3146,202,2018-11-28,8137,40000.0,cheque,3024
3797,249,2019-09-12,8299,85500.0,cheque,3032
3148,245,2018-11-28,11533,10000.0,cheque,3021
3132,163,2018-11-22,8205,30000.0,virement,3032
3133,202,2018-11-22,10542,2000.0,versement,2773
3159,202,2018-11-29,10442,78000.0,virement,2803
3117,163,2018-11-19,10226,40000.0,cheque,3024
3155,163,2018-11-29,8140,40000.0,versement,3024
3129,244,2018-11-21,11501,10000.0,virement,3021
3798,252,2019-09-15,10085,40000.0,versement,3024
3138,244,2018-11-25,9037,5000.0,versement,3008
3140,244,2018-11-12,10533,10100.0,espece,3021
3141,244,2018-11-26,9137,30000.0,versement,3032
3147,244,2018-11-28,10563,10000.0,virement,3021
3150,202,2018-11-28,10552,65000.0,cheque,3217
3153,202,2018-11-29,11532,50000.0,cheque,3025
3120,244,2018-11-19,9692,20000.0,versement,3021
3169,244,2018-11-29,9249,83700.0,cheque,3136
3160,202,2018-11-29,8607,499800.0,cheque,3950
3161,244,2018-11-29,11467,36000.0,virement,3024
3162,202,2018-11-29,10415,9000.0,cheque,2997
3164,244,2018-11-29,11265,81600.0,cheque,2762
3171,244,2018-11-29,11331,332010.0,cheque,3181
3165,202,2018-11-29,10175,40000.0,versement,3050
3166,163,2018-11-29,9584,360000.0,cheque,3047
3177,244,2018-12-02,10583,30000.0,versement,3032
3167,244,2018-11-29,11149,63000.0,cheque,2762
3172,244,2018-11-29,11331,102765.0,cheque,3181
3168,244,2018-11-29,9249,76160.0,cheque,3136
3173,252,2018-12-01,8702,10000.0,versement,3021
3181,163,2018-12-04,10557,36000.0,versement,3024
3174,252,2018-12-01,9617,10000.0,versement,3021
3178,252,2018-12-02,9328,5000.0,versement,3008
3175,252,2018-12-01,11539,30000.0,versement,3032
3186,202,2018-12-05,8114,2000.0,cheque,2773
3179,245,2018-12-02,8933,20000.0,virement,3021
3180,252,2018-12-03,11547,30000.0,cheque,3032
3183,202,2018-12-04,10566,10000.0,versement,3021
3184,252,2018-12-04,8134,40000.0,versement,3024
3185,249,2018-12-05,11543,10100.0,,3021
3191,202,2018-12-06,10570,5000.0,versement,3008
3192,249,2018-12-09,8748,10000.0,cheque,3021
3193,244,2018-12-09,11183,90625.0,cheque,2762
3194,244,2018-12-09,11072,35350.0,espece,4042
3799,244,2019-09-16,11309,10000.0,versement,3021
3196,244,2018-12-09,9767,30000.0,virement,3032
3203,202,2018-12-12,10061,95200.0,cheque,2971
3204,202,2018-12-12,11542,80000.0,cheque,3627
3213,252,2018-12-17,11574,10000.0,versement,3021
3195,163,2018-12-09,11563,10000.0,versement,3021
3803,252,2019-09-18,9154,9000.0,cheque,3021
3848,252,2019-10-08,10470,5000.0,versement,3008
3806,244,2019-09-19,10219,262800.0,virement,4062
3810,202,2019-09-19,8143,5000.0,versement,3008
3814,252,2019-09-22,9143,10000.0,virement,3021
3882,252,2019-10-20,7999,6000.0,versement,2773
3819,252,2019-09-25,8513,5050.0,espece,3008
3826,249,2019-09-26,10427,2020.0,espece,2786
3829,243,2019-09-29,12006,30000.0,virement,3032
3197,245,2018-12-10,8486,50000.0,cheque,3025
3198,202,2018-12-10,11333,30000.0,versement,3032
3845,252,2019-10-08,11183,31220.0,cheque,3040
3209,252,2018-12-16,11573,5000.0,versement,3008
3804,202,2019-09-18,8602,80000.0,cheque,3609
3215,252,2018-12-18,11572,5000.0,versement,3008
3216,202,2018-12-18,11582,5000.0,cheque,3008
3808,202,2019-09-19,8143,10000.0,versement,3008
3218,252,2018-12-18,10592,10000.0,espece,3021
3812,202,2019-09-22,10359,40000.0,cheque,3024
3228,244,2018-12-25,11588,9000.0,virement,3021
3854,245,2019-10-10,10466,40000.0,virement,3024
3867,202,2019-10-15,9676,4000.0,cheque,2773
3833,202,2019-09-30,9770,686232.0,cheque,3039
3875,202,2019-10-16,9137,5000.0,versement,3008
3839,202,2019-10-03,10637,1400.0,versement,2997
3881,281,2019-10-17,12046,29750.0,cheque,4020
3891,122,2019-10-22,11783,1794148.13,cheque,3493
3199,245,2018-12-10,11512,34000.0,cheque,3032
3861,249,2019-10-14,12021,2020.0,espece,2786
3210,163,2018-12-16,11575,189000.0,cheque,3680
3805,249,2019-09-18,10209,2000.0,espece,2773
3222,249,2018-12-23,10591,10000.0,espece,3008
3223,249,2018-12-23,11483,189200.0,versement,2837
3807,244,2019-09-19,8046,30000.0,versement,3032
3813,252,2019-09-22,9143,10000.0,virement,3021
3816,113,2019-09-23,8121,1383520.0,virement,4065
3822,202,2019-09-26,10309,97500.0,cheque,3350
3824,244,2019-09-26,11301,29750.0,cheque,2762
3825,244,2019-09-26,11301,210000.0,cheque,2762
3892,252,2019-10-22,9037,5000.0,versement,3008
3830,202,2019-09-30,8589,323465.0,cheque,3041
3849,252,2019-10-09,8362,5000.0,versement,3008
3200,245,2018-12-10,10466,90000.0,virement,2762
3211,249,2018-12-17,11483,517940.0,virement,2762
3809,202,2019-09-19,8143,10000.0,versement,3008
3214,245,2018-12-17,9185,3390.57,espece,2997
3842,249,2019-10-06,8532,30000.0,virement,3032
3846,249,2019-10-08,11352,30000.0,virement,3032
3202,249,2018-12-11,11569,5000.0,versement,3008
3206,245,2018-12-13,11570,10000.0,virement,3021
3811,244,2019-09-19,7760,50000.0,virement,3040
3208,202,2018-12-16,10175,2000.0,versement,2773
3226,163,2018-12-24,8970,10000.0,virement,3021
3229,202,2018-12-25,10171,50000.0,cheque,3025
3817,202,2019-09-24,8378,100000.0,virement,3025
3821,113,2019-09-24,12002,10000.0,versement,3021
3832,244,2019-09-30,11309,2000.0,versement,2786
3840,249,2019-10-04,9129,30000.0,virement,3032
3873,252,2019-10-15,9505,5000.0,versement,3008
3877,252,2019-10-16,9505,5000.0,versement,3008
3207,244,2018-12-16,8950,9200.0,virement,2997
3220,252,2018-12-19,11097,2000.0,versement,2773
3221,249,2018-12-23,11140,10000.0,espece,3021
3818,243,2019-09-24,11176,10000.0,virement,3021
3820,202,2019-09-25,7603,10000.0,,3021
3844,249,2019-10-07,9956,50000.0,virement,3025
3851,252,2019-10-09,11418,50000.0,cheque,3025
3859,202,2019-10-13,11157,18690.44,virement,3493
3887,202,2019-10-20,8384,30000.0,virement,3032
3212,252,2018-12-17,10589,8000.0,versement,2773
3236,244,2018-12-27,11552,72000.0,cheque,3627
3219,163,2018-12-19,8351,264000.0,cheque,2804
3237,244,2018-12-30,9548,40000.0,cheque,3024
3238,245,2018-12-30,11003,600000.0,virement,3047
3234,202,2018-12-26,11548,80000.0,cheque,3627
3252,202,2019-01-03,8400,30000.0,versement,3032
3239,202,2018-12-30,10398,1117672.0,cheque,3586
3240,163,2018-12-31,10209,37314.0,espece,2804
3247,163,2019-01-03,7999,40000.0,versement,3024
3241,163,2018-12-31,10209,37314.0,espece,2804
3250,249,2019-01-03,10611,10100.0,espece,3021
3245,252,2019-01-02,7863,40000.0,virement,3024
3249,244,2019-01-03,11499,149760.0,cheque,2804
3251,252,2019-01-03,11611,5000.0,versement,3008
3253,252,2019-01-06,11610,10000.0,versement,3021
3254,249,2019-01-06,7464,5000.0,versement,3008
3255,244,2019-01-07,9505,5000.0,versement,3008
3256,249,2019-01-07,9264,30000.0,cheque,3032
3257,249,2019-01-07,11078,45000.0,virement,3025
3259,163,2019-01-08,8142,7000.0,cheque,3008
3260,252,2019-01-08,11594,27000.0,cheque,3032
3270,163,2019-01-13,10834,10000.0,versement,3021
3261,252,2019-01-08,11618,2000.0,,2773
3262,252,2019-01-08,11611,5000.0,versement,3008
3263,252,2019-01-09,11620,5000.0,versement,3008
3271,244,2019-01-13,10443,2020.0,espece,3021
3264,202,2019-01-10,10637,5000.0,versement,3008
3265,243,2019-01-10,11577,45000.0,cheque,3025
3276,163,2019-01-14,11631,5000.0,versement,3008
3272,244,2019-01-13,11628,27000.0,cheque,3032
3267,244,2019-01-10,11331,69020.0,cheque,3609
3268,244,2019-01-10,11331,63070.0,cheque,3609
3269,244,2019-01-13,10443,10100.0,espece,3021
3273,202,2019-01-14,8485,40000.0,cheque,3024
3285,163,2019-01-20,8751,45000.0,cheque,3025
3274,249,2019-01-14,11630,12000.0,espece,3021
3277,202,2019-01-15,10605,5000.0,cheque,3008
3280,163,2019-01-15,10169,40000.0,virement,3024
3283,202,2019-01-20,8168,80000.0,virement,3627
3281,202,2019-01-15,10620,1170000.0,virement,3966
3282,245,2019-01-15,11625,614000.0,cheque,3181
3284,202,2019-01-20,10606,5000.0,virement,3008
3287,202,2019-01-20,10596,5000.0,versement,3008
3286,245,2019-01-20,11381,345000.0,cheque,2762
3288,244,2019-01-21,10626,10100.0,espece,3021
3289,1,2019-01-21,9564,5000.0,cheque,3008
3290,202,2019-01-22,11633,10000.0,virement,3021
3291,202,2019-01-22,8143,2000.0,versement,2997
3292,202,2019-01-22,8143,10000.0,versement,3008
3344,243,2019-02-11,11637,4300.0,virement,3008
3827,113,2019-09-26,8121,2990163.0,virement,3184
3345,202,2019-02-12,10239,80000.0,cheque,3627
3354,245,2019-02-14,9607,27000.0,cheque,3032
3865,202,2019-10-15,9676,36000.0,cheque,3024
3327,202,2019-01-31,11386,110000.0,cheque,3021
3335,202,2019-02-04,8589,30000.0,cheque,3032
3338,202,2019-02-05,10570,5000.0,versement,3008
3889,252,2019-10-21,11265,10000.0,cheque,3021
3294,163,2019-01-23,11651,9000.0,virement,3021
3295,202,2019-01-23,10651,5000.0,espece,3008
3828,252,2019-09-29,11970,10000.0,cheque,3021
3311,244,2019-01-28,10678,5000.0,virement,3008
3831,113,2019-09-30,11842,240000.0,cheque,2970
3336,244,2019-02-04,9803,5000.0,virement,3008
3350,252,2019-02-13,11365,10000.0,cheque,3021
3835,249,2019-10-02,8642,5000.0,virement,3008
3843,249,2019-10-06,8535,30000.0,virement,3032
3852,202,2019-10-09,11118,30000.0,virement,3032
3853,252,2019-10-10,9884,1536315.6,cheque,3493
3872,202,2019-10-15,7817,40000.0,cheque,3024
3296,202,2019-01-23,10296,7230.0,virement,2773
3313,243,2019-01-29,11638,3300.0,virement,3008
3319,245,2019-01-30,10012,30000.0,versement,3032
3886,249,2019-10-20,8697,4000.0,virement,2786
3320,245,2019-01-30,8486,30000.0,cheque,3032
3324,249,2019-01-31,10673,5000.0,virement,3008
3330,244,2019-01-31,10792,12200.0,virement,2997
3351,252,2019-02-13,11365,2020.0,espece,2773
3361,244,2019-02-17,9271,50000.0,virement,3025
3834,202,2019-09-30,8685,272796.0,cheque,2809
3850,113,2019-03-17,11670,100000.0,cheque,2762
3880,281,2019-10-17,12061,29750.0,cheque,0
3297,245,2019-01-24,10220,60000.0,cheque,3032
3352,252,2019-02-13,11685,30000.0,cheque,3032
3310,113,2019-01-27,7620,416500.0,virement,2857
3321,245,2019-01-30,10203,50000.0,cheque,3025
3855,202,2019-10-10,11386,32000.0,cheque,3021
3328,202,2019-01-31,11664,10000.0,versement,3021
3858,113,2019-10-13,8187,10000.0,cheque,3021
3331,244,2019-01-31,10792,158450.0,virement,2762
3340,245,2019-02-07,10220,10000.0,cheque,3021
3349,249,2019-02-13,10251,5000.0,virement,3008
3862,245,2019-10-14,9986,1720108.8,cheque,3041
3863,249,2019-10-15,11979,30000.0,virement,3032
3318,245,2019-01-30,11657,40400.0,espece,3024
3333,244,2019-01-31,11331,59500.0,cheque,3823
3856,202,2019-10-10,11386,110000.0,cheque,3021
3339,252,2019-02-06,11678,45000.0,virement,3025
3346,202,2019-02-12,8593,40400.0,espece,3024
3348,252,2019-02-12,10667,2020.0,espece,2773
3353,202,2019-02-13,8607,80000.0,cheque,3627
3857,252,2019-10-13,10557,50000.0,versement,3025
3317,163,2019-01-29,9803,5000.0,virement,3008
3874,249,2019-10-15,8107,5000.0,virement,3008
3312,245,2019-01-29,9607,2000.0,espece,2786
3314,243,2019-01-29,11639,5300.0,virement,3008
3860,249,2019-10-13,8569,5000.0,versement,3008
3325,252,2019-01-31,11672,2020.0,espece,2773
3326,249,2019-01-31,9292,31643.84,virement,3032
3337,249,2019-02-05,11677,10000.0,cheque,3021
3356,202,2019-02-14,10175,2000.0,versement,2773
3315,252,2019-01-29,10589,5000.0,versement,3008
3322,163,2019-01-30,10224,50000.0,cheque,3025
3342,252,2019-02-10,9509,5000.0,versement,3008
3355,252,2019-02-14,11636,10000.0,cheque,3021
3876,202,2019-10-16,10252,5000.0,virement,3008
3879,202,2019-10-17,10546,5000.0,versement,3008
3332,244,2019-01-31,11662,80000.0,cheque,3627
3334,113,2019-02-02,11642,60000.0,virement,3032
3343,202,2019-02-11,10215,40000.0,virement,3024
3347,252,2019-02-12,10788,10000.0,versement,3021
3371,163,2019-02-19,10209,25314.0,espece,2804
3357,244,2019-02-14,9249,45000.0,cheque,3025
3362,244,2019-02-18,10252,5000.0,versement,3008
3363,244,2019-02-18,11702,10000.0,versement,3008
3378,243,2019-02-21,11300,31820.0,espece,3040
3373,244,2019-02-19,10671,30000.0,virement,3032
3366,248,2019-02-18,8309,4727.0,espece,0
3890,249,2019-10-21,8125,5000.0,virement,3008
3374,244,2019-02-20,10252,5000.0,espece,3008
3379,245,2019-02-21,11673,300000.0,virement,2762
3375,163,2019-02-20,11685,100000.0,cheque,2762
3383,202,2019-02-25,10752,5000.0,versement,3008
3370,244,2019-02-19,8171,27000.0,virement,3032
3376,202,2019-02-20,10256,50000.0,versement,3066
3377,163,2019-02-21,8439,50500.0,espece,3025
3380,202,2019-02-21,11720,30300.0,espece,3032
3388,163,2019-02-28,11003,187500.0,virement,2757
3386,163,2019-02-27,9673,45000.0,cheque,3025
3382,244,2019-02-24,10766,30000.0,virement,3032
3384,252,2019-02-25,8238,78000.0,virement,2804
3387,202,2019-02-27,9676,10000.0,cheque,3839
3385,202,2019-02-27,8724,72000.0,cheque,3047
3390,202,2019-02-28,11728,30000.0,cheque,3032
3381,113,2019-02-23,7971,834000.0,cheque,3455
3402,249,2019-03-03,10261,30000.0,versement,3032
3394,244,2019-02-28,10737,9000.0,virement,3021
3395,244,2019-02-28,10763,5000.0,virement,3008
3409,249,2019-03-05,9840,20000.0,cheque,3021
3396,202,2019-02-28,11701,30000.0,cheque,3032
3397,163,2019-02-28,8895,40000.0,cheque,3024
3398,245,2019-02-28,10466,90000.0,virement,2762
3399,249,2019-02-28,7816,5000.0,versement,3008
3401,244,2019-03-03,11331,102765.0,cheque,2762
3417,245,2019-03-07,10817,10000.0,virement,3021
3413,113,2019-03-06,11745,200000.0,cheque,3032
3407,202,2019-03-04,7787,110000.0,cheque,3627
3414,244,2019-03-06,8286,5050.0,espece,3008
3411,202,2019-03-06,11548,90000.0,cheque,2762
3412,202,2019-03-06,8607,240000.0,cheque,3950
3415,113,2019-03-06,11642,56000.0,virement,3032
3416,245,2019-03-07,10817,12000.0,virement,3021
3424,252,2019-03-10,10775,5000.0,versement,3008
3422,245,2019-03-10,11398,180000.0,cheque,2762
3423,252,2019-03-10,11619,70000.0,cheque,2762
3425,113,2019-03-10,11301,315000.0,virement,2762
3426,202,2019-03-10,11729,110000.0,espece,2762
3428,244,2019-03-11,8844,6000.0,virement,2773
3429,244,2019-03-11,11118,612969.0,cheque,3950
3430,113,2019-03-12,8121,686000.0,virement,3060
3431,113,2019-03-12,8121,73438.0,virement,3060
3878,249,2019-10-16,11483,517940.0,virement,2762
3450,163,2019-03-18,10477,36000.0,virement,3024
3451,243,2019-03-18,11300,63640.0,espece,3040
3452,163,2019-03-19,9049,79820.0,cheque,3041
3432,113,2019-03-12,8121,20475.0,virement,3060
3442,163,2019-03-14,10800,30300.0,espece,3032
3894,202,2019-10-22,8191,80000.0,cheque,3025
3454,163,2019-03-19,8449,10000.0,versement,3021
4032,249,2019-12-11,11078,118800.0,virement,3024
3940,202,2019-11-06,7787,80000.0,cheque,2666
3978,252,2019-11-24,11574,10000.0,virement,3021
3980,202,2019-11-24,8485,30000.0,cheque,3032
4006,252,2019-12-04,10589,28000.0,versement,3195
4025,202,2019-12-11,7603,10000.0,espece,3021
3433,243,2019-03-12,11637,6600.0,virement,3008
3436,202,2019-03-13,8447,198000.0,cheque,3627
3895,202,2019-10-23,8304,27000.0,virement,3032
3465,113,2019-03-25,8587,34682.0,virement,3467
3472,163,2019-03-28,9945,5000.0,versement,3008
3899,202,2019-10-27,9005,137207.0,virement,3040
3923,202,2019-11-03,10286,237405.02,virement,4066
3951,245,2019-11-13,8083,80000.0,cheque,3627
3993,202,2019-12-01,10166,40000.0,virement,3024
3435,244,2019-03-13,11749,40000.0,versement,3024
3437,202,2019-03-13,11729,20000.0,espece,2692
3896,252,2019-10-24,11991,110000.0,cheque,3032
3449,252,2019-03-17,11670,4000.0,cheque,2773
3903,252,2019-10-27,12047,78000.0,cheque,4077
3459,202,2019-03-21,8905,27000.0,cheque,3032
3467,163,2019-03-25,10829,110000.0,cheque,3032
3927,293,2019-10-31,12076,40000.0,versement,3024
3979,281,2019-11-24,12017,489313.13,virement,3493
4003,244,2019-12-03,10563,10000.0,versement,3021
3441,163,2019-03-14,8013,72000.0,cheque,3627
3897,252,2019-10-27,11439,30000.0,versement,3032
3995,244,2019-12-01,9137,30000.0,versement,3032
3916,202,2019-10-30,7829,10000.0,virement,3021
3943,293,2019-11-07,12097,40000.0,cheque,3024
3956,243,2019-11-14,12099,40000.0,virement,3024
3972,293,2019-11-20,12121,120000.0,cheque,2757
3975,245,2019-11-21,10776,208690.3,cheque,4065
3443,243,2019-03-14,11300,63640.0,espece,3040
3444,244,2019-03-14,9354,50000.0,cheque,3025
3898,249,2019-10-27,11442,5050.0,espece,3008
3448,252,2019-03-17,11670,100000.0,cheque,2773
3455,245,2019-03-20,7664,150000.0,cheque,2762
3457,202,2019-03-21,10256,4000.0,versement,2773
3908,202,2019-10-28,8685,100000.0,cheque,2809
3458,202,2019-03-21,11725,60000.0,cheque,3032
3988,293,2019-11-25,12100,105000.0,espece,2762
3470,163,2019-03-27,11771,10000.0,versement,3021
3920,249,2019-11-02,9292,27000.0,virement,3032
3473,163,2019-03-28,9157,30000.0,cheque,3418
4024,202,2019-12-10,10171,50000.0,cheque,3025
3930,249,2019-11-04,8607,120000.0,cheque,3452
4009,202,2019-12-05,10442,39000.0,versement,4077
4022,252,2019-12-10,7999,40000.0,versement,3024
4023,245,2019-12-10,11512,30000.0,cheque,3032
3445,244,2019-03-17,10966,5000.0,espece,3008
3453,202,2019-03-19,8143,5000.0,versement,3008
4002,252,2019-12-03,9505,10000.0,versement,3008
3456,243,2019-03-20,11300,63640.0,espece,3040
3900,202,2019-10-27,9005,28381.5,virement,3040
3464,243,2019-03-24,11300,63640.0,espece,3040
3466,163,2019-03-25,9980,32000.0,cheque,3032
3922,281,2019-11-03,12048,49229.0,virement,3041
3469,202,2019-03-27,9009,50000.0,virement,3025
3941,202,2019-11-06,8602,150000.0,cheque,3218
4007,249,2019-12-05,9203,79000.0,cheque,2971
3950,244,2019-11-13,11471,10000.0,versement,3021
3967,252,2019-11-18,7999,2000.0,versement,2773
3971,244,2019-11-19,11588,9000.0,virement,3021
4017,202,2019-12-08,10175,2000.0,virement,3066
3989,244,2019-11-25,8205,30000.0,virement,3032
4000,252,2019-12-03,10589,5000.0,versement,3008
4031,249,2019-12-11,11078,40000.0,virement,3024
3463,245,2019-03-24,11398,27000.0,cheque,3032
3468,249,2019-03-26,8899,50000.0,virement,3025
3471,163,2019-03-27,10401,5050.0,espece,3008
3482,245,2019-03-31,11789,30000.0,espece,3032
3488,202,2019-04-01,10296,2000.0,virement,2773
3483,244,2019-03-31,8238,45000.0,virement,3025
3484,244,2019-03-31,11590,750700.0,cheque,4067
3480,163,2019-03-31,8361,60000.0,cheque,3032
3481,163,2019-03-31,10914,40400.0,espece,3024
3489,245,2019-04-03,10804,40000.0,cheque,3024
3485,244,2019-03-31,10824,40000.0,virement,3024
3486,244,2019-04-01,11696,534426.0,cheque,3604
3487,163,2019-04-01,9705,40000.0,cheque,3024
3490,244,2019-04-03,10671,80000.0,virement,3627
3491,163,2019-04-04,8312,5050.0,espece,3008
3901,245,2019-10-27,8933,20000.0,virement,3021
3498,163,2019-04-08,8797,120000.0,virement,2857
3497,249,2019-04-07,9840,10000.0,espece,3021
3499,244,2019-04-09,8332,10000.0,versement,3021
3500,163,2019-04-10,9884,141750.0,cheque,3680
3501,245,2019-04-10,8009,10000.0,cheque,3021
3502,163,2019-04-10,10805,2000.0,versement,2773
3503,202,2019-04-10,9576,10000.0,cheque,3021
3506,113,2019-04-11,11761,440000.0,cheque,3456
3902,249,2019-10-27,12009,60000.0,cheque,3032
3932,113,2019-11-05,8630,873015.25,cheque,3687
3962,244,2019-11-17,9767,30000.0,virement,3032
4020,252,2019-12-09,10156,5000.0,versement,3008
3904,113,2019-10-27,12038,571240.0,cheque,2762
3905,252,2019-10-27,7999,4000.0,versement,2786
3909,202,2019-10-28,10256,2000.0,versement,2773
3917,249,2019-10-30,10522,10000.0,cheque,3021
3939,243,2019-11-06,12015,30000.0,cheque,3032
3965,244,2019-11-18,11467,40000.0,virement,3024
3976,245,2019-11-21,10776,190788.5,cheque,4065
3992,252,2019-11-28,7999,4000.0,versement,2786
4019,252,2019-12-09,7999,2000.0,versement,2773
3507,245,2019-04-11,9106,30000.0,cheque,3032
3508,113,2019-04-11,9203,520625.0,cheque,3011
3530,252,2019-04-23,10840,5000.0,versement,3008
3519,244,2019-04-17,11743,69820.0,cheque,3041
3512,163,2019-04-14,8116,50000.0,virement,3025
3527,244,2019-04-22,9632,10000.0,virement,3021
3513,245,2019-04-15,11788,380000.0,cheque,3024
3520,202,2019-04-17,8248,6560.0,versement,2997
3514,245,2019-04-15,11788,36000.0,cheque,3024
3521,163,2019-04-18,9465,54000.0,versement,3030
3518,163,2019-04-17,8854,146940.0,cheque,3066
3523,202,2019-04-18,11807,120000.0,cheque,3032
3524,202,2019-04-18,10175,8000.0,versement,2773
3528,244,2019-04-22,8332,10000.0,versement,3021
3525,163,2019-04-21,11813,2000.0,versement,2773
3531,252,2019-04-23,10513,2000.0,espece,2773
3526,244,2019-04-22,8844,36000.0,virement,3024
3532,244,2019-04-23,10589,10000.0,espece,2773
3534,202,2019-04-24,11791,126000.0,virement,3041
3536,252,2019-04-25,11827,45000.0,virement,3025
3533,252,2019-04-23,11734,9000.0,cheque,3021
3535,244,2019-04-25,8860,50000.0,virement,3025
3537,252,2019-04-25,11750,10100.0,espece,3021
3539,163,2019-04-28,8855,40000.0,cheque,3024
3538,202,2019-04-25,10373,10000.0,versement,3021
3541,252,2019-04-28,11822,50000.0,cheque,3025
3542,202,2019-04-28,10853,10100.0,espece,3021
3543,202,2019-04-28,10833,10100.0,espece,3021
4010,113,2019-07-01,11143,465006.0,versement,3080
3558,163,2019-05-02,11839,5000.0,versement,3008
4011,113,2018-07-01,11143,465006.0,versement,3080
3924,202,2019-11-04,8966,50000.0,virement,3025
3946,202,2019-11-10,12044,30300.0,espece,3032
3958,244,2019-11-14,11501,10000.0,virement,3021
3991,202,2019-11-27,8140,40000.0,cheque,3024
3550,202,2019-04-29,10315,10000.0,virement,3021
3561,244,2019-05-05,10917,30000.0,cheque,3032
3907,249,2019-10-28,12078,14000.0,espece,3021
3562,244,2019-05-05,8216,10000.0,versement,3021
3565,202,2019-05-08,11849,10100.0,espece,3021
3933,252,2019-11-05,11412,30000.0,versement,3032
3953,252,2019-11-13,10085,10000.0,versement,3021
3966,244,2019-11-18,9980,4000.0,virement,2786
3970,202,2019-11-19,10514,65000.0,virement,3066
3984,293,2019-11-25,12121,13000.0,cheque,2757
3994,202,2019-12-01,10226,40000.0,virement,3024
4021,113,2019-12-10,8897,30000.0,cheque,3032
3546,202,2019-04-29,9676,100000.0,cheque,3842
3548,113,2019-04-29,11331,223200.0,cheque,3047
3549,163,2019-04-29,8846,60000.0,cheque,3047
3915,249,2019-10-30,11428,30000.0,virement,3032
3554,163,2019-04-30,11729,100000.0,espece,2762
3557,244,2019-05-02,8890,5000.0,versement,3008
3559,163,2019-05-02,10331,10000.0,virement,3021
3944,113,2019-07-22,8314,32000.0,virement,2773
3959,244,2019-11-14,8662,2000.0,versement,2773
3964,293,2019-11-18,12100,10826.35,espece,2837
3969,252,2019-11-19,8115,40000.0,versement,3024
4012,252,2019-12-08,11573,5000.0,versement,3008
3547,202,2019-04-29,9676,10000.0,cheque,3839
3919,252,2019-10-31,12057,40000.0,cheque,3024
4005,243,2019-12-04,12153,30000.0,virement,3032
4015,202,2019-12-08,11333,30300.0,espece,3032
3551,163,2019-04-29,10347,5000.0,versement,3008
3564,252,2019-05-06,7995,5000.0,versement,3008
3918,252,2019-10-30,12040,304552.19,cheque,3493
3921,249,2019-11-03,11472,10000.0,versement,3021
3949,293,2019-11-11,12100,200000.0,espece,2837
4008,252,2019-12-05,10592,10000.0,virement,3021
3929,202,2019-11-04,11790,50000.0,virement,3025
3556,252,2019-05-02,9904,9000.0,cheque,3021
3552,202,2019-04-30,8212,98000.0,virement,3024
3942,202,2019-11-06,10513,30000.0,cheque,3032
3947,252,2019-11-10,12065,30000.0,espece,3032
3973,252,2019-11-20,12122,10000.0,espece,3021
3555,252,2019-05-02,11619,70000.0,cheque,2762
3573,163,2019-05-12,11755,104000.0,cheque,3025
3563,252,2019-05-05,10980,5000.0,espece,3008
3566,202,2019-05-09,11790,9000.0,virement,2773
3574,113,2019-05-13,10127,10000.0,versement,3021
3567,245,2019-05-09,8235,5000.0,cheque,3008
3568,244,2019-05-12,10346,10000.0,versement,3021
3583,244,2019-05-15,9809,10000.0,virement,3021
3575,252,2019-05-13,11755,45000.0,cheque,3025
3570,244,2019-04-30,11590,750700.0,cheque,4067
3579,163,2019-05-13,10606,4100.0,versement,2997
3580,202,2019-05-14,9005,761600.0,virement,4074
3584,252,2019-05-15,11685,100000.0,cheque,2762
3576,252,2019-05-13,11832,27000.0,cheque,3032
3577,252,2019-05-13,8792,45000.0,virement,3025
3578,245,2019-05-13,7722,40000.0,cheque,3024
3587,245,2019-05-16,8136,52000.0,versement,3025
3585,244,2019-05-16,9740,27000.0,cheque,3032
3589,202,2019-05-19,8212,60000.0,virement,3024
3586,245,2019-05-16,11854,30000.0,cheque,3032
3588,244,2019-05-19,8950,30000.0,cheque,3032
3590,163,2019-05-19,8917,40000.0,cheque,3024
3593,252,2019-05-19,9328,14000.0,versement,2997
3595,163,2019-05-20,10166,59500.0,virement,3041
3596,163,2019-05-20,7780,40000.0,versement,3024
3945,252,2019-11-07,11792,40000.0,espece,3024
3615,202,2019-05-28,10286,50000.0,virement,3041
3952,245,2019-11-13,11473,10000.0,espece,3021
3977,202,2019-11-21,11891,130950.0,cheque,2762
3982,202,2019-11-21,11891,65000.0,cheque,2762
3996,249,2019-12-01,11543,10000.0,versement,3021
3597,243,2019-05-20,11864,30000.0,cheque,3032
3598,245,2019-05-21,11856,30000.0,cheque,3032
3948,202,2019-11-11,12060,5000.0,cheque,3008
3599,244,2019-05-21,10835,15000.0,virement,3008
3955,249,2019-11-13,11112,80000.0,cheque,3627
3985,202,2019-11-25,11532,50000.0,cheque,3025
3987,293,2019-11-25,10548,9090.0,cheque,3021
4013,252,2019-12-08,8134,40000.0,versement,3024
4016,202,2019-12-08,10175,40000.0,virement,3050
3600,202,2019-05-21,8691,5000.0,virement,3008
3602,252,2019-05-22,8211,2020.0,espece,2773
3957,252,2019-11-14,11539,30000.0,versement,3032
3617,252,2019-05-28,8852,30000.0,cheque,2815
3968,249,2019-11-19,11994,50000.0,cheque,3025
3981,202,2019-11-24,12109,50000.0,espece,3032
3999,202,2019-12-02,10566,10000.0,versement,3021
4014,249,2019-12-08,11140,10000.0,cheque,3021
3603,163,2019-05-22,8242,10000.0,virement,3021
3608,163,2019-05-26,8846,40000.0,cheque,3024
3609,202,2019-05-26,7995,5000.0,,3008
4033,293,2019-12-15,11552,72000.0,cheque,3627
4045,202,2019-12-15,7958,40000.0,cheque,3024
4055,249,2019-12-19,12131,100000.0,espece,2762
4073,252,2019-12-26,12200,10000.0,espece,3021
3607,163,2019-05-26,11182,30000.0,virement,3032
3614,252,2019-05-27,7999,4000.0,versement,2786
3618,245,2019-05-29,11869,360000.0,cheque,2762
4041,113,2018-02-01,10662,140000.0,cheque,3009
4042,113,2017-10-05,7603,181800.0,espece,3680
4071,244,2019-12-25,10604,5000.0,virement,3008
3610,163,2019-05-26,10219,262800.0,virement,4062
3612,202,2019-05-26,11867,10100.0,espece,3021
4069,249,2019-12-25,10455,50000.0,cheque,3025
4074,252,2019-12-29,12121,129000.0,cheque,2757
3616,163,2019-05-28,9203,520625.0,cheque,2762
3634,252,2019-06-02,11887,81820.0,cheque,3025
3619,113,2019-05-29,11842,241200.0,cheque,3455
3628,244,2019-05-30,11749,2020.0,espece,2773
3620,202,2019-05-29,8821,36000.0,cheque,3024
3629,202,2019-05-30,9005,458150.0,virement,2976
3624,244,2019-05-29,11097,50000.0,versement,3025
3625,244,2019-05-29,10759,10000.0,virement,3016
3630,202,2019-05-30,10175,2000.0,versement,2773
3626,244,2019-05-29,10986,30000.0,virement,3032
3627,202,2019-05-30,11548,90000.0,cheque,2762
3631,202,2019-05-30,10175,2000.0,versement,2773
3632,202,2019-05-30,10175,4000.0,versement,2773
3636,163,2019-06-02,10443,9000.0,espece,3021
3633,244,2019-06-02,11120,30000.0,virement,3032
3639,244,2019-06-10,8332,30000.0,versement,3032
3638,252,2019-06-09,11882,30000.0,cheque,3032
3642,245,2019-06-11,11869,30300.0,,3032
3640,244,2019-06-11,11872,30000.0,versement,3032
3641,244,2019-06-11,11149,30000.0,virement,3032
3645,245,2019-06-12,9775,27000.0,virement,3032
3643,202,2019-06-11,11870,40000.0,cheque,3024
3644,245,2019-06-11,11657,80000.0,,2762
3646,249,2019-06-12,10287,2000.0,versement,3032
3649,245,2019-06-16,11003,79000.0,virement,3041
3650,245,2019-06-17,11900,40000.0,virement,3024
3684,202,2019-07-04,10352,27000.0,espece,3032
3701,202,2019-07-14,11807,104999.98,cheque,3032
3659,202,2019-06-23,11137,5000.0,versement,3008
4049,202,2019-12-16,8143,10000.0,versement,3008
4063,252,2019-12-23,12059,40000.0,cheque,3024
4064,249,2019-12-24,10504,5000.0,versement,3008
4070,243,2019-12-25,12174,50000.0,virement,3025
4075,249,2019-12-29,8899,30000.0,cheque,3032
3652,244,2019-04-04,11590,750700.0,cheque,4067
3674,244,2019-06-27,11118,408646.0,cheque,2970
3676,243,2019-06-30,11915,97200.0,espece,4077
3689,202,2019-07-07,11912,72000.0,espece,2762
4039,202,2019-12-15,8400,30000.0,versement,3032
3653,244,2019-06-17,11128,9000.0,versement,3021
3657,252,2019-06-20,8268,50000.0,cheque,2762
3670,249,2019-06-27,9927,5000.0,virement,3008
4040,113,2018-01-22,10368,140895.0,espece,3350
3681,252,2019-07-01,11147,10000.0,cheque,3021
3687,202,2019-07-07,11844,27000.0,cheque,3032
3690,244,2019-07-07,8667,50000.0,cheque,3025
4046,202,2019-12-15,10596,5000.0,versement,3008
3691,244,2019-07-08,9249,167400.0,virement,3457
3692,252,2019-07-08,11920,32000.0,cheque,3032
4076,281,2019-12-29,12026,207060.0,cheque,2985
3654,245,2019-06-17,9751,10000.0,virement,3021
3660,244,2019-06-23,11160,5000.0,virement,3008
3680,249,2019-06-30,9914,9000.0,virement,3021
4043,113,2017-10-05,7603,140000.0,espece,3680
3682,202,2019-07-03,10372,10000.0,versement,3021
4082,281,2019-12-31,12018,260967.0,cheque,3493
3655,163,2019-06-18,11575,185000.0,cheque,3680
3662,252,2019-06-24,8513,5000.0,versement,3008
3664,244,2019-06-25,10967,30000.0,virement,3032
4044,113,2018-07-23,7603,41800.0,espece,3680
3666,202,2019-06-25,9770,1029348.0,cheque,3039
3673,244,2019-06-27,11118,240000.0,cheque,2970
3688,202,2019-07-07,9728,29100.0,cheque,3032
4065,252,2019-12-24,12185,10000.0,cheque,3021
3697,244,2019-07-10,11899,14140.0,espece,3021
4067,202,2019-12-24,10605,5000.0,cheque,3008
3656,163,2019-06-18,11575,4000.0,espece,3680
3683,113,2019-07-03,8121,2990163.0,virement,3184
4047,252,2019-12-16,11755,104000.0,cheque,2762
4061,244,2019-12-23,9249,45000.0,cheque,3025
4080,202,2019-12-31,8485,40000.0,cheque,3024
3658,202,2019-06-20,10257,36000.0,cheque,3024
4048,202,2019-12-16,8143,10000.0,versement,3008
4054,202,2019-12-19,7958,50000.0,cheque,2762
3661,244,2019-06-24,11885,30000.0,virement,3032
3698,243,2019-07-10,11930,30000.0,virement,3032
4050,202,2019-12-17,11582,5000.0,versement,3008
3663,245,2019-06-24,11730,30000.0,cheque,3032
3671,249,2019-06-27,8217,9900.0,virement,3021
3675,252,2019-06-27,10500,10000.0,versement,3021
4051,249,2019-12-18,10994,5000.0,virement,3008
3679,163,2019-06-30,9584,12000.0,cheque,2997
3686,252,2019-07-07,7999,2000.0,versement,2773
4059,202,2019-12-23,10597,50000.0,virement,3025
4081,202,2019-12-31,10324,227375.1,cheque,3019
3667,252,2019-06-26,10410,30000.0,cheque,3032
4052,249,2019-12-18,8748,10000.0,cheque,3021
3672,252,2019-06-27,10730,10000.0,espece,3021
3678,163,2019-06-30,9584,80000.0,cheque,3627
4246,113,2018-11-25,11513,200000.0,cheque,2762
4083,202,2019-12-31,10286,10000.0,virement,3040
